"","Food","Calories","Protein","Fat","Glucose","Fibre"
"1","Mustard powder",2289,29.4,39.5,0.1,5
"2","Pepper, black, ground",1156,10.4,3.3,0.2,25.3
"3","Salt substitute, potassium chloride",0,0,0,0,0
"4","Salt, table, iodised",0,0,0,0,0
"5","Salt, table, non-iodised",0,0,0,0,0
"6","Stock, dry powder or cube",900,11.3,8.9,0.1,0
"7","Taco seasoning mix, chilli-based",1010,5.9,4.1,1.1,9.9
"8","Gelatine, all types",1449,84.4,0.4,0,0
"9","Starch, potato",1332,0,0.5,0,5.9
"10","Yeast, dry powder",1126,36.4,5,0,26.9
"11","Beer, high alcohol (5% v/v & above)",174,0.5,0,0,0
"12","Beer, full strength (alcohol 4-4.9% v/v)",152,0.4,0,0,0
"13","Beer, full strength (alcohol 4-4.9% v/v), carbohydrate modified",126,0.3,0,0,0
"14","Beer, mid-strength (alcohol 3-3.9% v/v)",128,0.3,0,0,0
"15","Beer, light (alcohol 1- less than 3% v/v)",100,0.2,0,0,0
"16","Alcoholic beverage, spirit, approximately 40% v/v, all (Brandy, Gin, Rum, Vodka and Whisky)",892,0,0,0,0
"17","Alcoholic beverage, spirit, approximately 30% v/v, all (Brandy, Gin, Rum, Vodka and Whisky), cooked",302,0,0,0,0
"18","Cider, apple (alcohol approximately 4-5% v/v)",209,0,0,1.7,0
"19","Wine, red, cabernet sauvignon",332,0.3,0,0.1,0
"20","Wine, red, merlot",330,0.3,0,0.2,0
"21","Wine, red, pinot noir",321,0.2,0,0.1,0
"22","Wine, red, shiraz",342,0.2,0,0.1,0
"23","Wine, red",335,0.2,0,0.1,0
"24","Wine, red, cooked",121,0.3,0,0.1,0
"25","Wine, rose",289,0.2,0,0.2,0
"26","Wine, white, sauvignon blanc",296,0.2,0,0.1,0
"27","Wine, white, semillon",270,0.2,0,0.1,0
"28","Wine, white, chardonnay",311,0.3,0,0.1,0
"29","Wine, white, riesling",292,0.2,0,0.1,0
"30","Wine, white",301,0.3,0,0.1,0
"31","Wine, white, cooked",107,0.2,0,0.1,0
"32","Wine, white, sparkling",306,0.2,0,0.5,0
"33","Wine, white, sweet dessert style",497,0.4,0,5.6,0
"34","Wine, fortified, port",600,0.2,0,5.1,0
"35","Wine, fortified, sherry, dry style (approximately 1% sugars)",435,0.1,0,0.6,0
"36","Wine, fortified, sherry, sweet style (approximately 11% sugars)",577,0.2,0,4.8,0
"37","Cocoa powder",1307,20.5,15.2,0.4,27.7
"38","Beverage base, chocolate flavour, added vitamins A, B1, B2, C & D, Ca & Fe (Milo)",1666,12.7,10.4,3.8,9.1
"39","Beverage, chocolate flavour, from Milo powder, with regular fat cows milk",405,4.2,4,0.3,0.8
"40","Beverage base, drinking chocolate, unfortified",1508,5.6,4.8,0,1.5
"41","Beverage, chocolate flavour, from drinking chocolate, with regular fat cows milk",366,3.5,3.5,0,0.1
"42","Coffee, instant, dry powder or granules",588,18,0.3,0.7,20.6
"43","Coffee, black, from instant coffee powder",5,0.2,0,0,0.2
"44","Coffee, instant, dry powder or granules, decaffeinated",522,18,0.3,0.7,20.6
"45","Coffee, black, from instant coffee powder, decaffeinated",5,0.2,0,0,0.2
"46","Cordial base, 25% citrus fruit juice, regular",606,0,0,13.1,0
"47","Cordial, 25% citrus fruit juice, regular, recommended dilution",142,0,0,3.1,0
"48","Cordial base, 40% citrus fruit juice, regular",659,0.2,0,15.9,0
"49","Cordial, 40% citrus fruit juice, regular, recommended dilution",154,0,0,3.7,0
"50","Fruit drink, apple juice",162,0,0,3.6,0
"51","Fruit drink, orange juice",177,0.2,0,1,0
"52","Juice, apple, commercial, added vitamin C",121,0.2,0,2.1,0.2
"53","Juice, apple & blackcurrant, commercial",163,0.2,0,2.6,0
"54","Juice, lemon",115,0.6,0.2,0.8,2.5
"55","Juice, lime",122,0.8,0.2,0.5,4.1
"56","Juice, orange, commercial",112,0.8,0,1.3,0.3
"57","Juice, orange & mango, commercial",146,0.6,0,2.2,0.2
"58","Mineral water, natural, unflavoured",0,0,0,0,0
"59","Mineral water, citrus flavoured",152,0,0,1.5,0
"60","Soft drink, cola flavour",206,0,0.2,3,0
"61","Soft drink, cola flavour, decaffeinated",206,0,0.2,3,0
"62","Soft drink, cola flavour, intense sweetened or diet",0,0,0,0,0
"63","Soft drink, cola flavour, intense sweetened or diet, decaffeinated",0,0,0,0,0
"64","Soft drink, energy drink, Red Bull",182,0.1,0,3.6,0
"65","Soft drink, energy drink, V",182,0.1,0,3.6,0
"66","Soft drink, lemonade and fruit flavours",143,0,0,1,0
"67","Soft drink, tonic water, intense sweetened or diet",1,0,0,0,0
"68","Water, bottled, still",0,0,0,0,0
"69","Water, tap",0,0,0,0,0
"70","Water, soda",0,0,0,0,0
"71","Biscuit, savoury, rice cracker, plain",1577,9.6,3.3,0.2,1.6
"72","Biscuit, savoury, rice cracker, seaweed flavoured",1500,9.6,1.2,0.2,1.6
"73","Biscuit, savoury, rice cracker, flavoured (excluding cheese or seaweed)",1801,9.6,9.3,0.2,2
"74","Biscuit, savoury, from white wheat flour, cheese-flavoured",2086,12,24.2,0.2,2.9
"75","Biscuit, savoury, from white wheat flour, flavoured (excluding cheese)",2098,9.6,24.5,0.3,2
"76","Biscuit, savoury, from white wheat flour, plain snack cracker style",2052,7.7,20.7,1.8,3.4
"77","Biscuit, savoury, from white wheat flour, flaky cracker style",2051,10.5,20.7,0.2,3
"78","Biscuit, savoury, from wholemeal wheat flour, crispbread",1655,9.8,8.8,0.1,9.1
"79","Biscuit, savoury, from wholemeal wheat flour & rye flour, crispbread, puffed",1595,13.1,3.8,0.2,7.6
"80","Biscuit, sweet, biscuit base, mint filling, chocolate-coated",2181,5.9,29.4,1.2,0.6
"81","Biscuit, sweet, chocolate chip",1972,6.4,22.5,0.5,1.6
"82","Biscuit, sweet, plain",1822,6.2,15.5,1.2,2
"83","Biscuit, sweet, sandwich, cream filling, chocolate-coated",2103,5.3,25.7,1.2,1.4
"84","Biscuit, sweet, sandwich, cream & jam filling",1978,4.2,22.5,2.7,1.8
"85","Biscuit, sweet, wheatmeal",1724,7.6,11.7,0.3,5.6
"86","Cone, wafer style, for ice cream",1474,7.9,2.3,0,3.2
"87","Breadcrumbs, white",1525,14.2,3.8,0,4.3
"88","Bread, damper, from white flour, homemade",1084,7.5,5.5,0,3.3
"89","Bread, flat, white, commercial",1102,9.5,2.1,0.2,3.7
"90","Bread, flat (pita or Lebanese), wholemeal, commercial",1074,8.6,2,0.7,6.4
"91","Bread, from white flour",1000,9.6,1.8,0,2.9
"92","Bread, from white flour, toasted",1190,11.4,2.1,0,3.5
"93","Bread, from white flour, added calcium",1000,9.6,1.8,0,2.9
"94","Bread, from white flour, added calcium, toasted",1163,11.1,2.1,0,3.4
"95","Bread, from white flour, added fibre",1027,9.4,1.7,0,6.4
"96","Bread, from white flour, added fibre, toasted",1222,11.2,2,0,7.7
"97","Bread, from white flour, added iron",1000,9.6,1.8,0,2.9
"98","Bread, from white flour, added iron, toasted",1163,11.1,2.1,0,3.4
"99","Bread, from white flour, added omega-3 polyunsaturates",1051,8.9,2.1,0,3.1
"100","Bread, from white flour, added omega-3 polyunsaturates, toasted",1222,10.4,2.5,0,3.6
"101","Bread, from white Jackaroo flour, added fibre and vitamins B1 & folate & Fe",1052,8.3,2.3,0,6.5
"102","Bread, from white Jackaroo flour, added fibre and vitamins B1 & folate & Fe, toasted",1238,9.8,2.7,0,7.6
"103","Bread, from white flour, Italian-style, commercial",1070,9,2.5,0,3.9
"104","Bread, from white flour, Italian-style, commercial, toasted",1274,10.7,3,0,4.6
"105","Bread roll, from white flour",1058,9.4,3,0.4,3
"106","Bread roll, from white flour, toasted",1230,10.9,3.5,0.5,3.5
"107","Bread roll, topped with cheese",1179,12.4,9,0.4,2.4
"108","Bread roll, topped with cheese & bacon",1177,16.6,11.2,0.4,1.8
"109","Bread, from wholemeal flour",971,11.2,2.3,0.1,6.2
"110","Bread, from wholemeal flour, toasted",1142,13.2,2.7,0.1,7.3
"111","Bread roll, from wholemeal flour",1095,10.1,3,0.4,5.8
"112","Bread roll, from wholemeal flour, toasted",1288,11.9,3.5,0.4,6.9
"113","Bread, from white or wholemeal flour, organic",1034,11.6,2.9,0,5.6
"114","Bread, from white or wholemeal flour, organic, toasted",1216,13.7,3.4,0,6.6
"115","Bread, mixed grain",1047,11.2,5,0,5.8
"116","Bread, mixed grain, toasted",1232,13.1,5.9,0,6.9
"117","Bread roll, mixed grain",1027,11.1,3,0,5.6
"118","Bread roll, mixed grain, toasted",1209,13.1,3.5,0,6.6
"119","Bread, from white flour, Turkish",1035,7.8,2.8,0,3.6
"120","Bread, from white flour, Turkish, toasted",1233,9.2,3.3,0,4.3
"121","Bread, from white flour, added dried fruit",1151,8.3,3.9,6.8,2.8
"122","Bread, from wheat flour, added dried fruit, toasted",1279,9.2,4.3,7.6,3.1
"123","Bread, garlic or herb, commercial, cooked",1401,8.4,15.5,0.4,3.2
"124","Bread, garlic or herb, homemade, cooked",1293,8.8,11.4,0.4,3.6
"125","Bread, gluten free",888,5.5,3.9,0.3,3.9
"126","Bread, gluten free, toasted",1057,6.5,4.6,0.4,4.6
"127","Bread, from rye flour, sour dough",980,9.2,1.6,0.4,5.2
"128","Bread, from rye flour, sour dough, toasted",1153,10.8,1.9,0.5,6.1
"129","Crumpet, from white flour, toasted",851,5.1,0.8,0.1,2.5
"130","Muffin, English style, from white flour",938,10.1,2.1,0,3.2
"131","Muffin, English style, from white flour, toasted",1019,11,2.3,0,3.4
"132","Breakfast cereal, beverage, non-chocolate flavours, added vitamins A, B1, B2, B3, B6, B12, C & folate & Ca",320,3.1,1.5,0,0.8
"133","Breakfast cereal, flakes of corn, unfortified",1553,7.3,2.9,0.5,4
"134","Breakfast cereal, flakes of corn, added vitamins B1, B2, B3, C & folate, Fe & Zn",1565,8.6,0.6,0.6,3.2
"135","Breakfast cereal, mixed grain (rice & wheat), flakes, added vitamins B1, B2, B3, B6 & folate, Ca, Fe & Zn",1669,18.2,4.1,0.3,2.7
"136","Breakfast cereal, mixed grain (wheat & oat), flakes, apricot & sultana, added vitamins B1, B2, B3 & folate & Fe",1468,8.8,1.5,10.3,8.2
"137","Breakfast cereal, mixed grain (wheat, oat & corn), extruded, added vitamins B1, B2, B3, B6, C & folate, Ca & Fe",1551,23.3,2.5,0,2.5
"138","Breakfast cereal, mixed grain (wheat, rice & oat), flakes, honey, unfortified",1488,8.4,4.1,1.2,12.5
"139","Breakfast cereal, puffed or popped rice, no added sugar or salt, unfortified",1608,8.5,3,0,2.8
"140","Breakfast cereal, puffed or popped rice, added vitamins B1, B2, B3, C & folate, Fe & Zn",1559,6.8,1.1,0,2.1
"141","Breakfast cereal, puffed or popped rice, cocoa coating, added vitamins B1, B2, B3, C & folate, Ca, Fe & Zn",1610,5,2.9,0.2,2.6
"142","Breakfast cereal, wheat bran, flakes, sultanas, added vitamins B1, B2, B3, B6 & folate, Fe & Zn",1391,9.8,1.5,10.3,14.8
"143","Breakfast cereal, wheat bran, pellets, added vitamins B1, B2 & folate",1316,13.4,4.9,1.2,27.5
"144","Breakfast cereal, whole wheat, biscuit, no added sugar, unfortified",1460,10.4,2.7,0,11.5
"145","Breakfast cereal, whole wheat, biscuit, added vitamins B1, B2, B3 & folate, Fe & Zn",1451,12.1,2.2,0.2,11.1
"146","Breakfast cereal, whole wheat, flakes, dried fruit & nuts, added fibre, vitamins B1, B2, B3 & folate, Ca & Fe",1504,9.8,3.3,9.5,15.5
"147","Breakfast cereal, whole wheat, puffed, no added sugar or salt, unfortified",1414,10,2.8,0,9.2
"148","Muesli, toasted, added dried fruit & nuts, unfortified",1680,8.9,13.3,8.5,11.4
"149","Muesli, untoasted or natural style, added dried fruit, unfortified",1646,10.8,10.8,8.9,9.4
"150","Bread, banana",1224,5.7,11,1.1,1.5
"151","Slice, brownie, chocolate, without nuts, commercial",1735,7.1,23.1,0.4,2.6
"152","Cake mix, plain, dry powder",1603,4.8,8.2,0,1.4
"153","Cake, chocolate, homemade, uniced",1553,7.8,19.2,0.1,2.9
"154","Cake, chocolate, homemade, iced",1552,6.5,17.8,0.1,2.6
"155","Cake, lamington, unfilled",1233,4.7,9.4,0,2.4
"156","Cake, mud, dark chocolate, commercial, chocolate ganache icing",1415,5.1,13.9,0,2.6
"157","Cake, plain butter cake, commercial, uniced",1487,8.2,15.2,0.3,1.3
"158","Cake, plain butter cake, commercial, iced",1555,5,16.1,0,1.4
"159","Cake, plain butter cake, homemade, uniced",1587,6.7,16.1,0,0.9
"160","Cake, sponge, plain, commercial, uniced, unfilled",1370,7.5,8.2,0.4,1.2
"161","Cake, sponge, plain, commercial, uniced, filled with jam & cream",1524,6.7,12.2,3.3,1.2
"162","Doughnut, jam filled, sugar coated",1535,6,17.6,2,1.9
"163","Doughnut, dusted with cinnamon & sugar",1583,6.6,19.5,0,2
"164","Doughnut, iced",1517,6.7,15.9,1.3,1.7
"165","Muffin, cake-style, berry, commercial",1412,5.2,15.7,1.2,1.9
"166","Muffin, cake-style, chocolate chip, commercial",1567,6.4,17.7,0.3,1.4
"167","Pancake, plain, homemade",933,7.5,7.6,0,0.8
"168","Pikelet or pancake, sweet, commercial",912,5.7,4.3,0,2.1
"169","Pikelet, plain, homemade",1160,7.5,5.9,0.1,1.7
"170","Pudding, chocolate, homemade",774,3.6,2.6,0,1.1
"171","Scone, plain, commercial",1399,7.9,8.5,0,2.1
"172","Scone, plain, homemade",1354,8,9.4,0,1.4
"173","Scone, pumpkin, homemade",1222,7.5,7.5,0.4,1.6
"174","Slice, caramel",1847,5.3,24.4,1.6,0.8
"175","Porridge, rolled oats, prepared with regular fat cows milk",525,5.3,4.9,0,1.6
"176","Barley, pearl, uncooked",1428,10.1,3.1,0,13.1
"177","Barley, pearl, boiled, no added fat or salt",592,4.2,1.3,0,5.4
"178","Bulgur, uncooked",1434,10.3,2,0,7.8
"179","Bulgur, soaked in water, no added fat or salt",664,5.4,0.9,0,7.3
"180","Cornmeal (polenta), uncooked",1324,8.1,2,0,2.9
"181","Cornmeal (polenta), boiled, no added fat or salt",421,2.6,0.6,0,0.9
"182","Couscous, uncooked",1523,13.8,0.2,0,4.2
"183","Couscous, boiled, no added fat or salt",677,6.1,0.1,0,1.9
"184","Oats, hulled, uncooked",1575,11.7,9.8,0,8.6
"185","Oats, rolled, uncooked",1489,12.4,9.5,0,9.5
"186","Porridge, rolled oats, prepared with water",276,2.3,1.8,0,1.8
"187","Oats, rolled, mixed with sugar or honey & other flavours, uncooked",1629,8.3,7.5,0.2,7.5
"188","Psyllium, uncooked",826,3,1.3,0,88.7
"189","Semolina, uncooked",1299,10.7,1.2,0,3.2
"190","Semolina, boiled, no added fat or salt",413,3.4,0.4,0,1
"191","Tapioca, pearl or seed style, uncooked",1359,0.2,0.2,0,0
"192","Tapioca, pearl or seed style, boiled, no added fat or salt",197,0,0,0,0
"193","Wheat bran, unprocessed, uncooked",1119,14.8,4.1,0,41.8
"194","Wheat germ",1285,20.6,6.1,0,20.1
"195","Rice, white, boiled or rice cooker, no added salt",679,3.1,0.2,0,0.8
"196","Rice, white, purchased as 'instant', microwaved",643,3.4,0.6,0,1
"197","Rice, white, fried with bacon or ham, egg, prawns & vegetables",920,5.7,8.5,0,1
"198","Rice, brown, boiled, no added salt",693,4.1,1.1,0,1.7
"199","Flour, arrowroot",1378,0.4,0.2,0,3.4
"200","Flour, cornflour, from maize starch",1458,0.4,0.6,0,0
"201","Flour, cornflour, from maize & wheat starch",1466,0.6,0.4,0,0.5
"202","Flour, chickpea (besan)",1373,19.7,5.5,0,20.8
"203","Flour, rye",1348,11.4,2.3,0,17.3
"204","Flour, wheat, white, plain",1479,10,1.3,0,2.2
"205","Flour, wheat, white, plain, added vitamins B1, B2, B3, B6, E & folate & Fe, Mg & Zn (Jackaroo)",1417,11.1,1.5,0,3.8
"206","Flour, wheat, white, self-raising",1479,10,1.3,0,2.2
"207","Flour, wheat, white, high protein or bread making flour",1464,11.7,1.7,0,2.5
"208","Flour, wheat, wholemeal, plain",1369,12.1,2.1,0,11.2
"209","Flour, gluten free, plain",1480,3.4,1.1,0,1.7
"210","Flour, wheat, wholemeal, self-raising",1458,10.6,2.1,0,11.3
"211","Hamburger, white roll, beef patty, with cheese, onion, pickles & sauce, fast food chain",1096,15.1,12.1,0.8,1.7
"212","Hamburger, white roll, beef patty, with salad, independent takeaway outlet",870,12.1,9.1,0.5,2.6
"213","Hot dog, bread roll, frankfurt & sauce filling",966,10.6,8.7,0.5,2.3
"214","Pizza, cheese & tomato, commercial",1194,16.2,11,0.8,2.8
"215","Pizza, ham & pineapple, purchased frozen, baked",961,11.5,6,1.7,3.1
"216","Pizza, ham & pineapple, takeaway style",939,12.8,8.3,1,3.1
"217","Pizza, supreme, purchased frozen, baked",1142,14,11.6,0.3,3.2
"218","Pizza, supreme, fast food chain",1044,12.9,9,0.7,2.5
"219","Pizza, supreme, takeaway style",954,13,9.8,0.3,3
"220","Noodle, wheat, fresh, soaked, drained",608,6.3,1,0,1.7
"221","Noodle, wheat, instant, flavoured, dry, uncooked",1834,10.6,19.1,0,3.7
"222","Noodle, wheat, instant, flavoured, boiled, drained",598,3.6,6.2,0,1.2
"223","Noodle, wheat, instant, flavoured, boiled, undrained",225,1.3,2.3,0,0.4
"224","Noodle, rice stick, boiled, drained",498,2.5,0,0,0.7
"225","Pasta, gluten free, boiled from dry, no added salt",639,3.1,0.7,0,1.2
"226","Pasta, white wheat flour, dry",1458,12.7,1.4,0,3.2
"227","Pasta, white wheat flour, boiled from dry, no added salt",517,5.1,0.1,0,2
"228","Pasta, white wheat flour, fresh, boiled, no added salt",682,5.4,3,0,2.7
"229","Pasta, white wheat flour & egg, dry",1522,10.7,1.6,0,2.2
"230","Pasta, white wheat flour & egg, boiled from dry, no added salt",601,5.7,0.6,0,1.9
"231","Pasta, white wheat flour & spinach, dry",1525,11.9,1.3,0.9,4.4
"232","Pasta, white wheat flour & spinach, boiled from dry, no added salt",554,3.8,0.4,0,1.4
"233","Pasta, wholemeal wheat flour, dry",1404,12.5,2.2,0,9.9
"234","Pasta, wholemeal wheat flour, boiled from dry, no added salt",579,5.1,0.8,0,5.7
"235","Lasagne, beef, commercial, purchased frozen, baked",572,6.6,6.6,0.5,2.1
"236","Macaroni & cheese, homemade, cooked unfilled pasta, homemade cheese sauce",658,6.4,5.3,0,1.6
"237","Pasta in cream based sauce, dry mix",1545,12.3,5.1,0.2,4
"238","Pasta in cream based sauce, prepared from dry mix with regular fat milk cows & margarine spread",475,3.9,3,0,0.9
"239","Spaghetti in tomato & cheese sauce, canned",227,2.5,0,1.2,0.8
"240","Spaghetti in tomato & cheese sauce, canned, reduced salt",227,2.5,0,1.2,0.8
"241","Croissant, plain",1505,10,19.1,1.5,2.7
"242","Pastry, filo, commercial, raw",1277,9.9,3.8,0,2.5
"243","Pastry, filo, commercial, baked",1631,12.2,3.1,0.1,4.3
"244","Pastry, puff, with butter, commercial, raw",1383,5.5,19,0,3.4
"245","Pastry, puff, with butter, commercial, baked",1797,7.1,24.7,0,4.4
"246","Pastry, puff, vegetable oil, commercial, raw",1321,5.5,16.4,0,3.4
"247","Pastry, puff, vegetable oil, commercial, baked",1694,7,21,0,4.4
"248","Pastry, shortcrust style, commercial, raw",1685,5.5,23.8,0,0.8
"249","Pastry, shortcrust style, commercial, baked",2080,6.6,27.5,0,1.8
"250","Pastry, filled with spinach & cheese, purchased frozen, baked",1215,9.4,16.4,0.9,2.5
"251","Pie, savoury, meat, commercial, ready to eat",943,8.9,11.2,0,2.4
"252","Pie, savoury, meat, purchased frozen, baked",910,8.6,11.3,0,2
"253","Sausage roll, commercial, ready to eat",1179,9.7,14.3,0.2,3
"254","Sausage roll, purchased frozen, baked",1118,9.7,12.7,0.2,3
"255","Spring roll, meat & vegetable filling, commercial, deep fried",1047,7.5,11.7,3.1,2.8
"256","Pie, sweet, apple, commercial",1059,3,12.9,1.3,1.3
"257","Tart, custard, commercial",1015,6.3,10.7,0,1
"258","Dressing, French or Italian, regular fat, commercial",947,0.1,19.6,6,0
"259","Dressing, thousand island, regular fat, commercial",1495,1,31.8,3,1.4
"260","Gravy powder, dry mix",1311,8.9,6.2,0,0.1
"261","Gravy, prepared from dry powder with water",109,0.7,0.5,0,0
"262","Mustard, cream style",348,5.8,3.1,1.9,4.1
"263","Paste, Indian style curry, commercial",1279,4.4,26.4,1.6,5.4
"264","Paste, green curry, commercial",461,2.4,7.9,0.9,3
"265","Paste, soybean",766,12.9,5.1,9.2,4.3
"266","Sauce, barbecue, commercial",738,0.7,0.2,12.1,0.6
"267","Sauce, butter chicken, commercial",412,1.3,7.6,1.2,1.9
"268","Sauce, fish, commercial",213,6.8,0.3,0.4,1.2
"269","Sauce, hoi sin (hoisin), commercial",922,1.7,5.4,9.9,10.4
"270","Sauce, oyster, commercial",471,2.8,1,1.4,0.3
"271","Sauce, pasta or simmer, commercial, low fat",240,0.8,2.9,1.1,1.3
"272","Sauce, pasta, basil pesto, commercial",1598,5.3,37.1,0.8,1.5
"273","Sauce, pasta, cheese or cream-based, commercial",405,1.7,7.4,0.3,1.9
"274","Sauce, pasta, tomato-based, commercial, heated",227,1.6,1.6,2.2,2.3
"275","Sauce, plum, commercial",958,0.1,0.8,23.9,0.6
"276","Sauce, rogan josh, commercial",295,1.5,4.1,0.9,1.9
"277","Sauce, salsa, tomato-based, commercial",146,1.3,0,2.2,1.6
"278","Sauce, simmer for chicken, commercial",383,0.8,7.5,1,1.7
"279","Sauce, simmer, curry flavoured, commercial",494,2.1,6.9,2.5,2.3
"280","Sauce, soy, commercial",162,5.4,0,0.8,0
"281","Sauce, soy, commercial, reduced salt",162,5.4,0,0.8,0
"282","Sauce, tomato, commercial",437,1.3,0,4.4,1.3
"283","Sauce, tomato, commercial, reduced salt",437,1.3,0,4.4,1.3
"284","Sauce, white, savoury, homemade",756,4,13.5,0,0.2
"285","Sauce, Worcestershire, commercial",311,1.3,0.2,6.3,0
"286","Peanut butter, smooth & crunchy, added sugar & salt",2495,22.2,49.6,0,5.8
"287","Spread, yeast, marmite",623,13.3,0.9,1.3,11.8
"288","Spread, yeast, vegemite",679,24.1,0.9,0,6.5
"289","Cheese, blue vein",1571,20.3,32.4,0,0
"290","Cheese, brie",1502,18.2,31.5,0,0
"291","Cheese, camembert",1254,20.4,23.8,0,0
"292","Cheese, cheddar, natural, regular fat",1663,24.6,32.8,0.1,0
"293","Cheese, cheddar, natural, reduced fat (approximately 25%)",1368,28.6,23.4,0,0
"294","Cheese, cheddar, natural, reduced fat (approximately 15%)",1109,31.1,15.3,0,0
"295","Cheese, cheddar, processed, regular fat",1254,18.2,23.9,0,0
"296","Cheese, cheddar, processed, reduced fat (approximately 15%), added vitamin D",1054,22.5,15.4,0,0
"297","Cheese, cottage",529,15.4,5.7,0,0
"298","Cheese, cream, plain",1420,8.5,34.2,0,0
"299","Cheese, edam",1510,28,27.2,0,0
"300","Cheese, fetta (feta)",1136,16.6,22.3,0,0
"301","Cheese, goat, firm",1502,18.6,31.3,0,0
"302","Cheese, goat, soft",1194,21.2,21.7,0,0
"303","Cheese, haloumi",1050,21.3,17.1,0,0
"304","Cheese, mozzarella",1213,22.2,22.1,0,0
"305","Cheese, parmesan, dried, finely grated",1949,40.6,33.3,0,0
"306","Cheese, parmesan, fresh",1690,35.1,28.8,0,0
"307","Cheese, ricotta",665,10.4,11.8,0,0
"308","Cream, thickened, regular fat (approximately 35%)",1409,2,36.1,0,0
"309","Cream, imitation (non-dairy)",1108,1,21.8,3.8,0
"310","Cream, sour, regular fat",1414,1.9,36.3,0,0
"311","Cream, sour, light (approximately 18% fat)",868,3.6,19.7,0,0
"312","Ice cream, vanilla flavour, regular fat",788,3.7,10.6,0.5,0
"313","Ice confection, stick, milk-based, various flavours",563,2.9,5.3,0.6,0.2
"314","Ice confection, stick, water-based, various flavours",280,0.2,0,1.2,0
"315","Ice confection, stick or tub, fruit juice or fruit flavoured",306,0.2,0.1,2.6,0
"316","Milk, cow, fluid, regular fat (3.5% fat)",281,3.4,3.4,0,0
"317","Milk, cow, fluid, regular fat (3.5% fat), added omega 3 polyunsaturates",253,3.1,3.2,0,0
"318","Milk, cow, fluid, reduced fat (1% fat)",191,3.6,1.2,0,0
"319","Milk, cow, fluid, reduced fat (1.5% fat), added omega 3 polyunsaturates",213,4.5,1.4,0,0
"320","Milk, cow, fluid, skim (0.15% fat)",146,3.6,0,0,0
"321","Milk, cow, fluid, skim (0.15% fat), added milk solids",173,4.2,0,0,0
"322","Milk, cow, fluid, lactose free, regular fat (3.5% fat)",249,3.1,3.2,2.3,0
"323","Milk, cow, fluid, lactose free, reduced fat (1% fat)",184,3.4,1.2,2.3,0.1
"324","Milk, cow, canned, evaporated, regular",591,7.7,8.2,0,0
"325","Milk, cow, canned, evaporated, reduced fat (approximately 2% fat)",381,7.9,2.1,0,0
"326","Milk, cow, canned, sweetened, condensed, regular",1362,8.3,9.2,0.3,0
"327","Milk, powder, cow, regular fat, unfortified",2127,25.3,27.3,0,0
"328","Milk, powder, cow, regular fat, added vitamins A & D",2127,25.3,27.3,0,0
"329","Milk, powder, cow, skim",1519,34.9,0.8,0,0
"330","Custard, vanilla, regular fat",392,3.3,3,0,0
"331","Dairy or yoghurt dessert, chocolate, regular fat",533,5.1,3.7,0,1.4
"332","Yoghurt, natural, regular fat (3% fat)",306,5.1,3.2,0,0.1
"333","Yoghurt, apricot pieces or flavoured, regular fat (3% fat)",386,4.2,3.2,0.7,0.1
"334","Yoghurt, strawberry pieces or flavoured, regular fat (3% fat)",401,4.7,3.1,0.7,0.1
"335","Yoghurt, vanilla flavoured, (2% fat)",409,5,1.9,0,0.2
"336","Yoghurt, vanilla flavoured, low fat (less than 0.5% fat)",367,5.8,0.5,1.8,0.2
"337","Oat beverage, fluid, unfortified",224,1.3,0.8,1.5,0.3
"338","Oat beverage, fluid, added calcium",224,1.3,0.8,1.5,0.3
"339","Rice beverage, fluid, added calcium",255,0.3,1,0.5,0
"340","Soy beverage, regular fat (3% fat), unfortified",246,3.7,2.7,0.1,0.6
"341","Soy beverage, regular fat (3% fat), added Ca",246,3.7,2.7,0.1,0.6
"342","Soy beverage, regular fat (3% fat), added Ca & vitamins A, B1, B2 & B12",251,4.1,2.7,0.1,0.6
"343","Soy beverage, reduced fat (1% fat), added Ca & vitamins A, B1, B2 & B12",187,3,0.9,0,0.6
"344","Sausage, vegetarian style, unfortified, raw",807,19,9.4,0.3,1.5
"345","Sausage, vegetarian style, added Fe, Zn and vitamin B12, raw",807,19,9.4,0.3,1.5
"346","Sausage, vegetarian style, fried, no added fat",849,20,9.9,0.3,1.6
"347","Tofu (soy bean curd), firm, as purchased",502,12,7.3,0,3.5
"348","Yoghurt, soy based, berry flavoured, regular fat (3% fat)",416,3.7,3.7,1.6,0.2
"349","Yoghurt, soy based, vanilla flavoured, reduced fat (1% fat)",309,3.7,0.8,1.6,0.2
"350","Butter, plain, salted",3027,1.1,81.3,0,0
"351","Butter, plain, no added salt",3027,1.1,81.3,0,0
"352","Ghee, clarified butter",3701,0.3,99.9,0,0
"353","Dairy blend, butter & edible oil spread (approximately 80% fat), sodium 600 mg/100 g",2915,0.5,78.1,0,0
"354","Dairy blend, butter & edible oil spread (approximately 80% fat), reduced salt (sodium 400 mg/100 g)",2915,0.5,78.1,0,0
"355","Margarine spread, polyunsaturated (70% fat)",2552,0,69,0,0
"356","Margarine spread, polyunsaturated (70% fat), reduced salt (sodium 280 mg/100 g)",2636,1,70.8,0,0
"357","Margarine spread, monounsaturated (80% fat), rice bran oil, unfortified",3003,0.3,81,0,0
"358","Margarine spread, monounsaturated (greater than 65% fat)",2500,0.5,67.3,0,0
"359","Margarine spread, monounsaturated (greater than 65% fat), reduced salt (sodium 360 mg/100 g)",2565,1,68.9,0,0
"360","Margarine spread, monounsaturated, reduced fat (55% fat) & salt (sodium 380 mg/100 g)",1922,1,51.5,0,0
"361","Margarine spread, monounsaturated, reduced fat (less than 65% fat)",2342,0.5,63.1,0,0
"362","Margarine spread, olive oil blend (65% fat), reduced salt (sodium 360mg/100 g)",2407,1,64.6,0,0
"363","Oil, blend of monounsaturated vegetable oils",3700,0,100,0,0
"364","Oil, blend of polyunsaturated vegetable oils",3700,0,100,0,0
"365","Oil, canola",3700,0,100,0,0
"366","Oil, copha",3700,0.2,99.9,0,0
"367","Oil, olive",3695,0,99.9,0,0
"368","Oil, peanut",3700,0,100,0,0
"369","Oil, rice bran",3700,0,100,0,0
"370","Oil, soybean",3700,0,100,0,0
"371","Oil, sunflower",3700,0,100,0,0
"372","Oil, vegetable",3700,0,100,0,0
"373","Dripping, beef",3703,0.2,100,0,0
"374","Fat, solid, vegetable oil based",3702,0.2,100,0,0
"375","Egg, chicken, whole, raw",533,12.6,8.5,0.3,0
"376","Egg, chicken, whole, hard-boiled",574,12.4,9.5,0.2,0
"377","Egg, chicken, whole, poached",556,13.1,8.9,0.3,0
"378","Egg, chicken, whole, fried, no fat added",606,14.3,9.7,0.3,0
"379","Egg, chicken, whole, omega-3 polyunsaturate enriched, raw",557,12.4,9.2,0.3,0
"380","Egg, chicken, whole, omega-3 polyunsaturate enriched, boiled",568,12.7,9.4,0.3,0
"381","Egg, chicken, whole, scrambled, with regular fat cows milk, no fat added",508,10.8,7.7,0.2,0
"382","Egg, chicken, white (albumen), raw",197,11.2,0,0.4,0
"383","Egg, chicken, white (albumen), hard-boiled",204,11.6,0,0.4,0
"384","Egg, chicken, yolk, raw",1311,15.6,28.2,0.2,0
"385","Egg, chicken, yolk, hard-boiled",1450,16.1,31.7,0.2,0
"386","Apple, bonza, unpeeled, raw",244,0.3,0.3,2.8,3.2
"387","Apple, dried",1232,1.3,0.3,14.7,9.1
"388","Apple, fuji, unpeeled, raw",245,0.3,0.3,3.3,2.4
"389","Apple, golden delicious, unpeeled, raw",202,0.3,0,2.4,2.5
"390","Apple, granny-smith, unpeeled, raw",202,0.3,0,2.8,2.3
"391","Apple, jonathon, unpeeled, raw",226,0.3,0,2.9,2.3
"392","Apple, pink lady, unpeeled, raw",243,0.2,0,1.4,3
"393","Apple, red delicious, unpeeled, raw",248,0.3,0,3.5,2.3
"394","Apple, royal gala, unpeeled, raw",222,0.4,0,2.3,2.1
"395","Apple, red skin, unpeeled, raw",240,0.3,0,2,2.7
"396","Apricot, raw",171,0.8,0.1,1.5,2.5
"397","Apricot, dried",886,4.3,0.2,15.6,8.4
"398","Apricot, canned in pear juice",192,0.8,0,2.3,1.8
"399","Apricot, canned in pear juice, drained",196,1,0,2.4,3.1
"400","Apricot, canned in pear juice, juice only",187,0.5,0,2.2,0
"401","Banana, cavendish, peeled, raw",394,1.4,0.3,6.7,2.2
"402","Banana, lady finger or sugar, peeled, raw",474,1.5,0.1,6.7,3.7
"403","Blackberry, raw",211,1.4,0.3,3.6,6.1
"404","Blueberry, raw",194,0.5,0,4.4,3.5
"405","Blueberry, purchased frozen",199,0.5,0,4.5,3.6
"406","Cherry, raw",250,0.8,0.2,6.2,1.5
"407","Cherry, black, canned in syrup",299,0.7,0.1,7.3,0.9
"408","Cherry, black, canned in syrup, drained",310,0.9,0.1,7.3,1.7
"409","Cherry, black, canned in syrup, syrup only",288,0.5,0,7.4,0
"410","Currant, dried",1167,2.8,0.5,31,6
"411","Custard apple, African pride, peeled, raw",326,1.4,0.6,5.6,2.5
"412","Date, dried",1212,2,0.2,32.5,9.7
"413","Fig, dried",1082,3.6,0.7,25.4,14.3
"414","Fig, fresh, unpeeled, raw",195,1.4,0.3,4.2,3.3
"415","Fruit salad, canned in fruit juice",200,0.7,0.1,2.7,1.4
"416","Fruit salad, canned in fruit juice, drained",207,0.8,0.2,2.6,2.3
"417","Fruit salad, canned in fruit juice, juice only",191,0.4,0,2.8,0.2
"418","Grape, black muscatel/muscat, raw",349,1.1,0.1,9.3,2.7
"419","Grape, black sultana, raw",278,1.2,0.1,6.7,3.3
"420","Grape, cornichon, raw",257,1.3,0.1,6.7,2.5
"421","Grape, red globe, raw",322,0.9,0.2,7.1,3.5
"422","Grape, thompson seedless or sultana, raw",276,0.6,0.1,7.4,2.3
"423","Grape, waltham cross, raw",281,0.8,0.1,7.3,3.5
"424","Grapefruit, peeled, raw",125,0.9,0.2,1.6,1.7
"425","Guava, Hawaiian, raw",144,0.7,0.5,1.1,5.4
"426","Jackfruit, peeled, raw",347,2.2,0.3,4.3,3
"427","Kiwifruit, green (hayward), peeled, raw",230,1.2,0.7,4.1,3
"428","Kiwifruit, gold, peeled, raw",244,1.2,0.5,5.2,1.8
"429","Lemon, peeled, raw",115,0.6,0.2,0.8,2.5
"430","Lime, peeled, raw",122,0.8,0.2,0.5,4.1
"431","Loquat, peeled, raw",122,1,0.2,2.2,1.7
"432","Lychee, peeled, raw",296,1.1,0.1,7.9,1.3
"433","Mandarin, peeled, raw",195,0.9,0,2.2,1.6
"434","Mandarin, canned in syrup",241,0.4,0.1,4.5,0.6
"435","Mandarin, canned in syrup, drained",254,0.5,0.2,4.6,1.1
"436","Mandarin, canned in syrup, syrup only",223,0.2,0,4.4,0
"437","Mango, peeled, raw",237,0.4,0,0.6,1.3
"438","Mango, pulped, canned",259,0.4,0,0.6,1.2
"439","Melon, honey dew, white skin, peeled, raw",149,0.7,0.3,1.3,1
"440","Melon, honey dew, yellow skin, peeled, raw",107,0.8,0.3,1.5,0.9
"441","Melon, rockmelon, peeled, raw",99,0.5,0.1,1.3,1
"442","Melon, watermelon, peeled, raw",133,0.6,0,1.2,0.4
"443","Mulberry, raw",139,2.2,0.2,2,2.2
"444","Nectarine, yellow, unpeeled, raw",181,1.2,0.1,1.4,2
"445","Orange, peeled, raw",175,1,0,1.9,2.4
"446","Orange, navel, peeled, raw",174,1,0,1.9,2.4
"447","Orange, valencia, peeled, raw",175,1,0,1.9,2.4
"448","Passionfruit, raw",304,3,0.3,2.3,13.9
"449","Passionfruit, pulp, canned",424,1.5,0.2,1.2,7
"450","Pawpaw (papaya), peeled, raw",142,0.4,0.1,3.6,2.3
"451","Peach, yellow, unpeeled, raw",168,0.8,0.1,1.2,1.9
"452","Peach, canned in pear juice",184,0.6,0,1.8,1.3
"453","Peach, canned in pear juice, drained",191,0.8,0.1,1.7,2
"454","Peach, canned in pear juice, juice only",174,0.4,0,2,0.3
"455","Pear, Packham's triumph, unpeeled, raw",231,0.4,0,5.7,3
"456","Pear, William Bartlett, unpeeled, raw",228,0.3,0,1.4,3.7
"457","Pear, green skin, unpeeled, raw",278,0.4,0,5.7,3
"458","Pear, brown skin, unpeeled, raw",264,0.3,0,1.7,3.4
"459","Pear, canned in pear juice",194,0.5,0,1.6,1.7
"460","Pear, canned in pear juice, drained",200,0.6,0,1.6,2.8
"461","Pear, canned in pear juice, juice only",185,0.2,0,1.6,0.2
"462","Pear, nashi, unpeeled, raw",209,0.4,0.1,4.4,2.1
"463","Persimmon, peeled, raw",298,0.6,0.2,7.8,2.6
"464","Pineapple (cayenne), peeled, raw",178,0.6,0.2,1.3,1.8
"465","Pineapple, canned in pineapple juice",236,0.5,0.6,4.1,0.8
"466","Pineapple, canned in pineapple juice, drained",206,0.5,0.1,3,1.9
"467","Pineapple, canned in pineapple juice, juice only",187,0.3,0,2.9,0
"468","Pineapple, canned in syrup",360,0.3,0.6,8.6,0.7
"469","Pineapple, canned in syrup, drained",345,0.2,0.3,7.1,1.4
"470","Pineapple, canned in syrup, syrup only",370,0.3,0,4.9,0
"471","Plum, unpeeled, raw",162,0.6,0.1,2.1,2
"472","Plum, dark, canned in syrup",370,0.3,0.1,9.7,1
"473","Plum, dark, canned in syrup, drained",385,0.4,0.1,9.7,2
"474","Plum, dark, canned in syrup, syrup only",354,0.2,0,9.8,0
"475","Pomegranate, peeled, raw",329,1.9,0.2,7.8,6.4
"476","Prickly pear, peeled, raw",204,0.4,0.3,4.7,4.6
"477","Prune (dried plum)",841,2.3,0.4,19.1,7.8
"478","Quandong, fruit, flesh",206,2.5,0,2.3,4.2
"479","Quince, peeled, raw",242,0.5,0.2,4.1,5.2
"480","Rambutan, raw",312,1,0.4,2.8,2.8
"481","Raspberry, raw",203,1.1,0.2,2.9,5.6
"482","Raspberry, purchased frozen",203,1.1,0.2,2.9,5.6
"483","Raspberry, canned in syrup",315,0.6,0.1,7.7,2.5
"484","Raspberry, canned in syrup, drained",343,1,0.2,7.3,6
"485","Raspberry, canned in syrup, syrup only",296,0.2,0,8,0
"486","Rhubarb, stalk, raw",94,1.5,0.2,0.9,2.2
"487","Strawberry, raw",109,0.7,0.2,1.8,2.5
"488","Strawberry, purchased frozen",109,0.7,0.2,1.8,2.5
"489","Strawberry, canned in syrup",335,0.5,0.2,8.6,1.5
"490","Strawberry, canned in syrup, drained",353,0.9,0.1,8.5,3.5
"491","Strawberry, canned in syrup, syrup only",321,0.1,0.2,8.7,0
"492","Sultana",1068,2.6,0.3,28,3.3
"493","Tamarillo, peeled, raw",150,2,0.1,0.8,4.7
"494","Tangelo, peeled, raw",172,0.6,0.1,1.7,2
"495","Tangerine or tangor, peeled, raw",180,1,0.2,1.5,1.5
"496","Wax jambu, raw",109,0.7,0.2,2.1,1.9
"497","Lime, native, fruit",137,0.1,2.7,0,3.6
"498","Plum, davidson (native), flesh",280,1,0.2,1.3,2
"499","Plum, salted",857,3.7,0,16,9.3
"500","Baked beans, canned in tomato sauce",334,4.9,0.3,1.2,4.8
"501","Baked beans, canned in tomato sauce, reduced salt",354,4.9,0.3,1.2,4.8
"502","Bean, haricot, dried",1220,21.9,2.2,0,18.5
"503","Bean, haricot, dried, boiled, drained",464,8.2,0.7,0.6,8.8
"504","Bean, lima, dried",1299,21.4,1.7,0,17.7
"505","Bean, lima, dried, boiled, drained",355,6.4,0.3,0,5.3
"506","Bean, red kidney, dried",1251,22.5,1.8,0,21.5
"507","Bean, red kidney, dried, boiled, drained",382,7.9,0.5,0,7.2
"508","Bean, red kidney, fresh, raw",561,12.8,0.4,0.3,9.1
"509","Bean, red kidney, fresh, boiled, drained",604,13.8,0.4,0.3,9.8
"510","Bean, red kidney, canned, drained",441,6.6,0.6,0.4,6.5
"511","Chickpea, dried",1373,19.7,5.5,0,20.8
"512","Chickpea, desi, dried, boiled, drained",499,7.2,2,0,7.6
"513","Chickpea, canned, drained",474,6.3,2.1,0,5.7
"514","Pea, split, dried",1427,23,2,0,10.1
"515","Beef, all cuts, separable fat, raw",2478,12.1,61.4,0,0
"516","Beef, all cuts, separable fat, cooked, no added fat",2317,15.3,55.6,0,0
"517","Beef, casserole meat, boneless or bone-in, shin, lean, raw",394,21.9,0.6,0,0
"518","Beef, casserole meat, boneless or bone-in, shin, lean, casseroled, no added fat",682,33.8,2.8,0,0.5
"519","Beef, casserole meat, boneless or bone-in, shin, semi-trimmed, raw",457,21.6,2.4,0,0
"520","Beef, casserole meat, boneless or bone-in, shin, semi-trimmed, casseroled, no added fat",764,32.9,5.4,0,0.5
"521","Beef, casserole meat, boneless or bone-in, shin, untrimmed, casseroled, no added fat",960,30.7,11.8,0,0.4
"522","Beef, casserole meat, boneless or bone-in, shin, untrimmed, raw",519,21.3,4.2,0,0
"523","Beef, boneless dice or strips, lean, raw",555,27.6,2.4,0,0
"524","Beef, boneless dice or strips, lean, stir-fried, no added fat",648,31.5,3,0,0
"525","Beef, boneless dice or strips, lean, casseroled, no added fat",745,37,3.1,0,0
"526","Beef, boneless dice or strips, untrimmed, raw",587,27.3,3.3,0,0
"527","Beef, boneless dice or strips, untrimmed, stir-fried, no added fat",667,31.3,3.7,0,0
"528","Beef, boneless dice or strips, untrimmed, casseroled, no added fat",763,36.7,3.7,0,0
"529","Beef, steak, boneless or bone-in, blade, lean, raw",474,22.2,2.6,0,0
"530","Beef, steak, boneless or bone-in, blade, lean, grilled, no added fat",650,31.9,2.9,0,0
"531","Beef, casserole meat, boneless or bone-in, blade, lean, casseroled",653,30.6,3.6,0,0
"532","Beef, steak, boneless or bone-in, blade, semi-trimmed, raw",598,21.6,6.2,0,0
"533","Beef, steak, boneless or bone-in, blade, semi-trimmed, grilled, no added fat",740,31,5.8,0,0
"534","Beef, casserole meat, boneless, blade, semi-trimmed, casseroled",744,29.8,6.4,0,0
"535","Beef, steak, boneless or bone-in, blade, untrimmed, raw",707,21,9.5,0,0
"536","Beef, steak, with bone, blade, untrimmed, grilled, no added fat",791,30.5,7.4,0,0
"537","Beef, casserole meat, boneless, blade, untrimmed, casseroled",795,29.3,8,0,0
"538","Beef, casserole meat, boneless, blade or chuck, lean, raw",495,22.6,3,0,0
"539","Beef, casserole meat, boneless, blade or chuck, lean, casseroled, no added fat",803,31.8,7.1,0,0
"540","Beef, casserole meat, boneless, blade or chuck, semi-trimmed, raw",646,21.8,7.4,0,0
"541","Beef, casserole meat, boneless, blade or chuck, semi-trimmed, casseroled",903,30.7,10.3,0,0
"542","Beef, casserole meat, boneless, blade or chuck, untrimmed, raw",731,21.3,10,0,0
"543","Beef, casserole meat, boneless, blade or chuck, untrimmed, casseroled, no added fat",942,30.3,11.5,0,0
"544","Beef, casserole meat, boneless, chuck, lean, raw",517,23,3.4,0,0
"545","Beef, casserole meat, boneless, chuck, lean, casseroled, no added fat",953,33,10.6,0,0
"546","Beef, casserole meat, boneless, chuck, semi-trimmed, raw",693,22,8.6,0,0
"547","Beef, casserole meat, boneless, chuck, semi-trimmed, casseroled",1062,31.6,14.2,0,0
"548","Beef, casserole meat, boneless, chuck, untrimmed, raw",755,21.7,10.5,0,0
"549","Beef, casserole meat, boneless, chuck, untrimmed, casseroled, no added fat",1089,31.2,15.1,0,0
"550","Beef, diced, lean, raw",574,27.9,2.7,0,0
"551","Beef, diced, lean, dry-fried, no added fat",653,32.1,2.9,0,0
"552","Beef, diced, lean, casseroled, no added fat",751,36.5,3.5,0,0
"553","Beef, diced, untrimmed, raw",614,27.6,3.9,0,0
"554","Beef, diced, untrimmed, dry-fried, no added fat",678,31.8,3.7,0,0
"555","Beef, diced, untrimmed, casseroled, no added fat",774,36.2,4.3,0,0
"556","Beef, steak, boneless, fillet or tenderloin, lean, raw",570,22.2,5.2,0,0
"557","Beef, steak, boneless, fillet or tenderloin, lean, grilled, no added fat",746,31.9,5.5,0,0
"558","Beef, steak, boneless, fillet or tenderloin, semi-trimmed, raw",665,21.7,8,0,0
"559","Beef, steak, boneless, fillet or tenderloin, semi-trimmed, grilled, no added fat",783,31.5,6.7,0,0
"560","Beef, steak, boneless, fillet or tenderloin, untrimmed, raw",710,21.5,9.3,0,0
"561","Beef, steak, boneless, fillet or tenderloin, untrimmed, grilled, no added fat",849,30.8,8.8,0,0
"562","Beef, roasting piece, silverside or topside, lean, raw",526,23,3.6,0,0
"563","Beef, roasting piece, silverside or topside, lean, roasted, no added fat",662,29.8,4.2,0,0
"564","Beef, roasting piece, silverside or topside, semi-trimmed, raw",563,22.8,4.7,0,0
"565","Beef, roasting piece, silverside or topside, semi-trimmed, roasted, no added fat",711,29.4,5.7,0,0
"566","Beef, roasting piece, silverside or topside, untrimmed, raw",696,22.1,8.7,0,0
"567","Beef, roasting piece, silverside or topside, untrimmed, roasted, no added fat",795,28.6,8.3,0,0
"568","Beef, steak, boneless, round, lean, raw",420,21,1.7,0,0
"569","Beef, steak, boneless, round, lean, grilled, no added fat",615,31.8,2,0,0
"570","Beef, steak, boneless, round, semi-trimmed, raw",525,20.5,4.7,0,0
"571","Beef, steak, boneless, round, semi-trimmed, grilled, no added fat",656,31.4,3.3,0,0
"572","Beef, steak, boneless, round, untrimmed, raw",568,20.4,6,0,0
"573","Beef, steak, boneless, round, untrimmed, grilled, no added fat",697,31,4.6,0,0
"574","Beef, rump steak, lean, raw",450,20.4,2.8,0,0
"575","Beef, rump steak, lean, grilled, no added fat",710,32,4.5,0,0
"576","Beef, rump steak, semi-trimmed, raw",546,20,5.6,0,0
"577","Beef, rump steak, semi-trimmed, grilled, no added fat",804,31,7.5,0,0
"578","Beef, rump steak, untrimmed, raw",815,18.9,13.3,0,0
"579","Beef, rump steak, untrimmed, grilled, no added fat",910,29.9,10.9,0,0
"580","Beef, steak, boneless, scotch fillet, lean, raw",508,23.8,2.8,0,0
"581","Beef, steak, boneless, scotch fillet, lean, grilled, no added fat",707,31.9,4.5,0,0
"582","Beef, steak, boneless rump or sirloin, lean, raw",465,22.2,2.4,0,0
"583","Beef, steak, boneless rump or sirloin, lean, grilled, no added fat",684,31.2,4.1,0,0
"584","Beef, steak, boneless rump or sirloin, semi-trimmed, raw",573,21.7,5.5,0,0
"585","Beef, steak, boneless rump or sirloin, semi-trimmed, grilled, no added fat",775,30.4,7,0,0
"586","Beef, steak, boneless rump or sirloin, untrimmed, raw",872,20.2,14.3,0,0
"587","Beef, steak, boneless rump or sirloin, untrimmed, grilled, no added fat",959,28.6,12.8,0,0
"588","Beef, steak, boneless, scotch fillet, semi-trimmed, raw",751,22.4,10,0,0
"589","Beef, steak, boneless, scotch fillet, semi-trimmed, grilled, no added fat",863,30.3,9.4,0,0
"590","Beef, steak, boneless, scotch fillet, untrimmed, raw",883,21.6,13.9,0,0
"591","Beef, steak, boneless, scotch fillet, untrimmed, grilled, no added fat",953,29.4,12.3,0,0
"592","Beef, silverside roast, lean, raw",495,24.1,2.3,0,0
"593","Beef, silverside roast, lean, roasted, no added fat",664,26.9,5.6,0,0
"594","Beef, silverside roast, semi-trimmed, raw",568,23.7,4.5,0,0
"595","Beef, silverside roast, semi-trimmed, roasted, no added fat",704,26.6,6.8,0,0
"596","Beef, silverside roast, untrimmed, raw",711,22.8,8.7,0,0
"597","Beef, silverside roast, untrimmed, roasted, no added fat",797,26,9.6,0,0
"598","Beef, sirloin steak, lean, raw",480,24.1,1.9,0,0
"599","Beef, sirloin steak, lean, grilled, no added fat",659,30.5,3.8,0,0
"600","Beef, sirloin steak, semi-trimmed, raw",599,23.4,5.5,0,0
"601","Beef, sirloin steak, semi-trimmed, grilled, no added fat",746,29.7,6.5,0,0
"602","Beef, sirloin steak, untrimmed, raw",930,21.4,15.3,0,0
"603","Beef, sirloin steak, untrimmed, grilled, no added fat",1007,27.3,14.7,0,0
"604","Beef, stir-fry strips, lean, raw",536,27.2,2,0,0
"605","Beef, stir-fry strips, lean, dry-fried, no added fat",644,30.9,3.2,0,0
"606","Beef, strips, lean, casseroled, no added fat",740,37.5,2.8,0,0
"607","Beef, stir-fry strips, untrimmed, raw",559,27,2.7,0,0
"608","Beef, stir-fry strips, untrimmed, dry-fried, no added fat",657,30.8,3.6,0,0
"609","Beef, strips, untrimmed, casseroled, no added fat",752,37.3,3.2,0,0
"610","Beef, steak, with bone, T-bone or blade, lean, raw",480,23.3,2.3,0,0
"611","Beef, steak, with bone, T-bone or blade, lean, grilled, no added fat",643,30.6,3.4,0,0
"612","Beef, steak, with bone, T-bone or blade, semi-trimmed, raw",668,22.2,7.9,0,0
"613","Beef, steak, with bone, T-bone or blade, semi-trimmed, grilled, no added fat",789,29.3,7.9,0,0
"614","Beef, steak, with bone, T-bone or blade, untrimmed, raw",848,21.2,13.2,0,0
"615","Beef, steak, with bone, T-bone or blade, untrimmed, grilled, no added fat",888,28.4,10.9,0,0
"616","Beef, steak, with bone, T-bone, lean, raw",487,24.4,2,0,0
"617","Beef, steak, with bone, T-bone, lean, grilled, no added fat",637,29.2,3.8,0,0
"618","Beef, steak, with bone, T-bone, semi-trimmed, raw",738,22.8,9.5,0,0
"619","Beef, steak, with bone, T-bone, semi-trimmed, grilled, no added fat",837,27.5,10,0,0
"620","Beef, steak, with bone, T-bone, untrimmed, raw",988,21.3,16.9,0,0
"621","Beef, steak, with bone, T-bone, untrimmed, grilled, no added fat",984,26.3,14.5,0,0
"622","Beef, topside roast, lean, raw",490,22.3,3,0,0
"623","Beef, topside roast, lean, roasted, no added fat",660,32.7,2.8,0,0
"624","Beef, topside roast, semi-trimmed, raw",558,22,5,0,0
"625","Beef, topside roast, semi-trimmed, roasted, no added fat",719,32.1,4.7,0,0
"626","Beef, topside roast, untrimmed, raw",681,21.3,8.6,0,0
"627","Beef, topside roast, untrimmed, roasted, no added fat",793,31.3,7.1,0,0
"628","Veal, all cuts, separable fat, raw",1403,19.4,29,0,0
"629","Veal, all cuts, separable fat, cooked",1573,20.7,33,0,0
"630","Veal, boneless dice or strips, lean, raw",492,25.2,1.8,0,0
"631","Veal, boneless dice or strips, lean, stir-fried, no added fat",633,31,2.9,0,0
"632","Veal, boneless dice or strips, untrimmed, raw",508,25,2.2,0,0
"633","Veal, boneless dice or strips, untrimmed, stir-fried, no added fat",651,30.7,3.5,0,0
"634","Veal, cutlet, with bone, lean, raw",459,24.6,1.1,0,0
"635","Veal, cutlet, with bone, lean, grilled, no added fat",552,28.1,2,0,0
"636","Veal, cutlet, with bone, semi-trimmed, raw",512,24.3,2.7,0,0
"637","Veal, cutlet, with bone, semi-trimmed, grilled, no added fat",625,27.6,4.2,0,0
"638","Veal, cutlet, with bone, untrimmed, raw",523,24.2,3,0,0
"639","Veal, cutlet, with bone, untrimmed, grilled, no added fat",632,27.5,4.4,0,0
"640","Veal, diced, lean, raw",448,23.1,1.5,0,0
"641","Veal, diced, lean, stir-fried, no added fat",653,31.9,3,0,0
"642","Veal, diced, untrimmed, raw",466,23,2,0,0
"643","Veal, diced, untrimmed, stir-fried, no added fat",679,31.6,3.8,0,0
"644","Veal, steak, boneless, leg, lean, raw",470,24.4,1.5,0,0
"645","Veal, steak, boneless, leg, lean, grilled, no added fat",655,34.4,1.9,0,0
"646","Veal, steak, boneless, leg, untrimmed, raw",482,24.3,1.8,0,0
"647","Veal, steak, boneless, leg, untrimmed, grilled, no added fat",675,34.1,2.6,0,0
"648","Veal, stir-fry strips, lean, raw",536,27.2,2,0,0
"649","Veal, stir-fry strips, lean, stir-fried, no added fat",614,30,2.8,0,0
"650","Veal, stir-fry strips, untrimmed, raw",551,27.1,2.5,0,0
"651","Veal, stir-fry strips, untrimmed, stir-fried, no added fat",623,29.9,3.1,0,0
"652","Lamb, all cuts, separable fat, raw",2315,10.8,57.6,0,0
"653","Lamb, all cuts, separable fat, cooked",2251,16.2,53.4,0,0
"654","Lamb, chop, with bone, loin or chump, lean, raw",606,25.6,4.6,0,0
"655","Lamb, chop, with bone, loin or chump, lean, grilled, no added fat",900,32,9.6,0,0
"656","Lamb, chop, with bone, loin or chump, semi-trimmed, raw",804,23.9,10.8,0,0
"657","Lamb, chop, with bone, loin or chump, semi-trimmed, grilled, no added fat",1042,30.2,14.3,0,0
"658","Lamb, chop, with bone, loin or chump, untrimmed, raw",1129,20.8,20.9,0,0
"659","Lamb, chop, with bone, loin or chump, untrimmed, grilled, no added fat",1202,28.4,19.4,0,0
"660","Lamb, chop, with bone, chump, lean, raw",542,22.5,4.3,0,0
"661","Lamb, chop, with bone, chump, lean, grilled, no added fat",957,34.1,10.2,0,0
"662","Lamb, chop, with bone, chump, semi-trimmed, raw",753,21.1,10.6,0,0
"663","Lamb, chop, with bone, chump, semi-trimmed, grilled, no added fat",1132,31.7,16,0,0
"664","Lamb, chop, with bone, chump, untrimmed, raw",981,19.6,17.5,0,0
"665","Lamb, chop, with bone, chump, untrimmed, grilled, no added fat",1251,30,20,0,0
"666","Lamb, diced, lean, raw",554,21.3,5.2,0,0
"667","Lamb, diced, lean, stir-fried, no added fat",773,31.3,6.5,0,0
"668","Lamb, diced, lean, casseroled, no added fat",776,32.2,6.2,0,0
"669","Lamb, diced, untrimmed, raw",588,21.1,6.2,0,0
"670","Lamb, diced, untrimmed, stir-fried, no added fat",806,31,7.6,0,0
"671","Lamb, diced, untrimmed, casseroled, no added fat",809,31.8,7.2,0,0
"672","Lamb, boneless dice or strips, lean, raw",541,21.6,4.7,0,0
"673","Lamb, boneless dice or strips, lean, stir-fried, no added fat",768,29.7,7.1,0,0
"674","Lamb, boneless dice or strips, lean, casseroled, no added fat",776,32.2,6.2,0,0
"675","Lamb, boneless dice or strips, untrimmed, raw",583,21.3,6,0,0
"676","Lamb, boneless dice or strips, untrimmed, stir-fried, no added fat",793,29.5,7.9,0,0
"677","Lamb, boneless dice or strips, untrimmed, casseroled, no added fat",802,31.9,7,0,0
"678","Lamb, roasting piece, shoulder, lean, raw",468,18.2,4.3,0,0
"679","Lamb, roasting piece, shoulder, lean, roasted, no added fat",703,29.6,5.4,0,0
"680","Lamb, roasting piece, shoulder, semi-trimmed, raw",695,17.3,10.9,0,0
"681","Lamb, roasting piece, shoulder, semi-trimmed, roasted, no added fat",859,28.3,10.2,0,0
"682","Lamb, roasting piece, shoulder, untrimmed, raw",894,16.5,16.6,0,0
"683","Lamb, roasting piece, shoulder, untrimmed, roasted, no added fat",1095,26.2,17.5,0,0
"684","Lamb, chop, with bone, forequarter, lean, raw",559,20.5,5.7,0,0
"685","Lamb, chop, with bone, forequarter, lean, grilled, no added fat",898,28,11.4,0,0
"686","Lamb, chop, with bone, forequarter, semi-trimmed, raw",971,18.2,17.9,0,0
"687","Lamb, chop, with bone, forequarter, semi-trimmed, grilled, no added fat",1108,26.2,17.9,0,0
"688","Lamb, chop, with bone, forequarter, untrimmed, raw",1126,17.4,22.4,0,0
"689","Lamb, chop, with bone, forequarter, grilled, no added fat",1173,25.6,19.9,0,0
"690","Lamb, cutlet or frenched cutlet, with bone, lean, raw",585,20.9,6.2,0,0
"691","Lamb, cutlet or frenched cutlet, with bone, lean, grilled, no added fat",837,30.5,8.6,0,0
"692","Lamb, cutlet or frenched cutlet, with bone, semi-trimmed, raw",890,19.1,15.3,0,0
"693","Lamb, cutlet or frenched cutlet, with bone, semi-trimmed, grilled, no added fat",1107,27.8,17.1,0,0
"694","Lamb, cutlet or frenched cutlet, with bone, untrimmed, raw",977,18.6,17.8,0,0
"695","Lamb, cutlet or frenched cutlet, with bone, untrimmed, grilled, no added fat",1163,27.2,18.9,0,0
"696","Lamb, leg roast, lean, raw",477,21.1,3.2,0,0
"697","Lamb, leg roast, lean, roasted, no added fat",742,30.6,6,0,0
"698","Lamb, leg roast, semi-trimmed, raw",604,20.4,7,0,0
"699","Lamb, leg roast, semi-trimmed, roasted, no added fat",840,29.7,9.1,0,0
"700","Lamb, leg roast, untrimmed, raw",786,19.4,12.3,0,0
"701","Lamb, leg roast, untrimmed, roasted, no added fat",959,28.5,12.8,0,0
"702","Lamb, loin chop, lean, raw",671,28.6,5,0,0
"703","Lamb, loin chop, lean, grilled, no added fat",843,29.8,9.1,0,0
"704","Lamb, loin chop, semi-trimmed, raw",856,26.6,10.9,0,0
"705","Lamb, loin chop, semi-trimmed, grilled, no added fat",953,28.7,12.6,0,0
"706","Lamb, loin chop, untrimmed, raw",1276,22.1,24.4,0,0
"707","Lamb, loin chop, untrimmed, grilled, no added fat",1154,26.8,18.9,0,0
"708","Lamb, mince, raw",602,20.4,6.9,0,0
"709","Lamb, mince, stir-fried, no added fat",729,24.4,8.5,0,0
"710","Lamb, mini roast, lean, roasted, no added fat",680,27.8,5.6,0,0
"711","Lamb, mini roast, semi-trimmed, roasted, no added fat",779,27.1,8.6,0,0
"712","Lamb, mini roast, untrimmed, roasted, no added fat",858,26.5,11,0,0
"713","Lamb, roasting piece, leg or mini roast, lean, raw",512,21.5,4,0,0
"714","Lamb, roasting piece, leg or mini roast, lean, roasted, no added fat",711,29.2,5.8,0,0
"715","Lamb, roasting piece, leg or mini roast, semi-trimmed, raw",633,20.8,7.6,0,0
"716","Lamb, roasting piece, leg or mini roast, semi-trimmed, roasted, no added fat",810,28.4,8.8,0,0
"717","Lamb, roasting piece, leg or mini roast, untrimmed, raw",784,19.9,12.1,0,0
"718","Lamb, roasting piece, leg or mini roast, untrimmed, roasted, no added fat",908,27.5,11.9,0,0
"719","Lamb, steak, boneless, lean, raw",546,21.9,4.7,0,0
"720","Lamb, steak, boneless, lean, grilled, no added fat",769,30.8,6.6,0,0
"721","Lamb, steak, boneless, semi-trimmed, raw",662,21.2,8.2,0,0
"722","Lamb, steak, boneless, semi-trimmed, grilled, no added fat",863,29.9,9.6,0,0
"723","Lamb, steak, boneless, untrimmed, raw",782,20.4,11.8,0,0
"724","Lamb, steak, boneless, untrimmed, grilled, no added fat",937,29.2,11.9,0,0
"725","Lamb, stir-fry strips, lean, raw",528,21.9,4.2,0,0
"726","Lamb, stir-fry strips, lean, stir-fried, no added fat",763,28.1,7.7,0,0
"727","Lamb, stir-fry strips, lean, casseroled, no added fat",776,32.2,6.2,0,0
"728","Lamb, stir-fry strips, untrimmed, raw",578,21.6,5.7,0,0
"729","Lamb, stir-fry strips, untrimmed, stir-fried, no added fat",781,28,8.3,0,0
"730","Lamb, stir-fry strips, untrimmed, casseroled, no added fat",794,32,6.8,0,0
"731","Mutton, all cuts, separable fat, raw",2522,8.2,64.4,0,0
"732","Mutton, all cuts, separable fat, cooked",2694,10.7,67.9,0,0
"733","Mutton, boneless dice or strips, shoulder, lean, raw",518,21.3,4.2,0,0
"734","Mutton, boneless dice or strips, shoulder, lean, casseroled, no added fat",1041,36.4,11.4,0,0
"735","Mutton, boneless dice or strips, shoulder, semi-trimmed, raw",678,20.3,9,0,0
"736","Mutton, boneless dice or strips, shoulder, semi-trimmed, casseroled, no added fat",1115,35.2,13.9,0,0
"737","Mutton, boneless dice or strips, shoulder, untrimmed, raw",717,20,10.2,0,0
"738","Mutton, boneless dice or strips, shoulder, untrimmed, casseroled, no added fat",1137,34.9,14.7,0,0
"739","Mutton, roasting piece, with bone, leg, lean, raw",509,21.6,3.8,0,0
"740","Mutton, roasting piece, with bone, leg, lean, roasted, no added fat",792,29.8,7.7,0,0
"741","Mutton, roasting piece, with bone, leg, semi-trimmed, raw",634,20.8,7.6,0,0
"742","Mutton, roasting piece, with bone, leg, semi-trimmed, roasted, no added fat",919,28.5,11.7,0,0
"743","Mutton, roasting piece, with bone, leg, untrimmed, raw",811,19.6,12.9,0,0
"744","Mutton, roasting piece, with bone, leg, untrimmed, roasted, no added fat",1093,26.8,17.2,0,0
"745","Goat, all cuts, separable fat, raw",1855,12.2,44.6,0,0
"746","Goat, all cuts, separable fat, baked, no added fat",2556,10,64.5,0,0
"747","Goat, forequarter, lean, raw",432,21.6,1.8,0,0
"748","Goat, forequarter, lean, baked, no added fat",676,30.8,4.2,0,0
"749","Goat, leg, lean, raw",456,22.2,2.1,0,0
"750","Goat, leg, lean, baked, no added fat",695,33.8,3.2,0,0
"751","Goat, loin, lean, raw",432,22.2,1.4,0,0
"752","Goat, loin, lean, baked, no added fat",612,29.2,3.1,0,0
"753","Goat, meat, all cuts, lean, raw",440,22,1.8,0,0
"754","Goat, meat, all cuts, lean, baked, no added fat",661,31.3,3.5,0,0
"755","Goat, meat, all cuts, lean, casseroled, no added fat",871,43.6,3.5,0,0
"756","Goat, meat, all cuts, untrimmed, raw",566,21.2,5.6,0,0
"757","Goat, meat, all cuts, untrimmed, casseroled, no added fat",1011,37.8,10,0,0
"758","Goat, meat, all cuts, untrimmed, baked, no added fat",847,29.2,9.5,0,0
"759","Pork, butterfly steak, lean, raw",469,24.1,1.6,0,0
"760","Pork, butterfly steak, lean, grilled, no added fat",656,32.5,2.8,0,0
"761","Pork, butterfly steak, untrimmed, raw",643,22.7,7,0,0
"762","Pork, butterfly steak, untrimmed, grilled, no added fat",825,30.6,8.2,0,0
"763","Pork, diced, untrimmed, raw",502,22.8,3.1,0,0
"764","Pork, diced, untrimmed, fried, no added fat",647,31.3,3.1,0,0
"765","Pork, fillet, lean, raw",433,23.1,1.1,0,0
"766","Pork, fillet, fully-trimmed, baked, no added fat",566,28.5,2.2,0,0
"767","Pork, forequarter (chop, roast, neck), separable fat, raw",2042,9.6,50.8,0,0
"768","Pork, forequarter, separable fat, BBQ'd, no added fat",2179,11.5,53.6,0,0
"769","Pork, forequarter chop, lean, raw",476,19.5,3.9,0,0
"770","Pork, forequarter chop, lean, BBQ'd, no added fat",680,26.3,6.3,0,0
"771","Pork, forequarter chop, semi-trimmed, BBQ'd, no added fat",771,25.4,9.2,0,0
"772","Pork, forequarter chop, untrimmed, raw",785,17.5,13.2,0,0
"773","Pork, forequarter chop, untrimmed, BBQ'd, no added fat",988,23.3,16,0,0
"774","Pork, forequarter shoulder roast, lean, raw",447,19.6,3.1,0,0
"775","Pork, forequarter shoulder roast, lean, BBQ'd, no added fat",658,24.8,6.4,0,0
"776","Pork, forequarter shoulder roast, semi-trimmed, BBQ'd, no added fat",748,24,9.2,0,0
"777","Pork, forequarter shoulder roast, untrimmed, raw",762,17.6,12.5,0,0
"778","Pork, forequarter shoulder roast, untrimmed, BBQ'd, no added fat",901,22.6,14,0,0
"779","Pork, leg roast, untrimmed, raw",685,21.6,8.6,0,0
"780","Pork, leg roast, untrimmed, baked, no added fat",926,31.2,10.7,0,0
"781","Pork, leg steak (rump), separable fat, raw",2603,8.6,66.4,0,0
"782","Pork, leg steak (rump), separable fat, fried, no added fat",2191,12,53.7,0,0
"783","Pork, leg steak (round, rump, topside, silverside), lean, raw",466,23.5,1.8,0,0
"784","Pork, leg steak (round, rump, topside, silverside), lean, fried, no added fat",589,28.8,2.7,0,0
"785","Pork, leg steak (round, rump, topside, silverside), untrimmed, raw",487,23.3,2.4,0,0
"786","Pork, leg steak (round, rump, topside, silverside), untrimmed, fried, no added fat",603,28.6,3.1,0,0
"787","Pork, loin chop, separable fat, raw",2694,7.9,69.2,0,0
"788","Pork, loin chop, separable fat, BBQ'd, no added fat",2765,8.8,70.7,0,0
"789","Pork, loin chop, lean, raw",461,23.2,1.8,0,0
"790","Pork, loin chop, lean, BBQ'd, no added fat",687,30.6,4.5,0,0
"791","Pork, loin chop, semi-trimmed, raw",573,22.4,5.2,0,0
"792","Pork, loin chop, semi-trimmed, BBQ'd, no added fat",791,29.5,7.8,0,0
"793","Pork, loin chop, untrimmed, raw",705,21.5,9.2,0,0
"794","Pork, loin chop, untrimmed, BBQ'd, no added fat",930,28,12.3,0,0
"795","Pork, loin cutlet, untrimmed, raw",843,21,13.1,0,0
"796","Pork, loin cutlet, untrimmed, fried, no added fat",1240,30.9,19.3,0,0
"797","Pork, loin roast, separable fat, raw",2941,5.2,77.1,0,0
"798","Pork, loin roast, separable fat, baked, no added fat",2629,8.8,67,0,0
"799","Pork, loin roast, lean, raw",478,23.3,2.2,0,0
"800","Pork, loin roast, lean, baked, no added fat",860,31.9,8.6,0,0
"801","Pork, loin roast, untrimmed, raw",943,19.9,16.4,0,0
"802","Pork, loin roast, untrimmed, baked, no added fat",1093,28.9,16.3,0,0
"803","Pork, medallion or loin steak, separable fat, raw",2642,6.3,68.5,0,0
"804","Pork, medallion or loin steak, separable fat, fried, no added fat",2307,14.9,55.5,0,0
"805","Pork, medallion or loin steak, lean, raw",469,24.1,1.6,0,0
"806","Pork, medallion or loin steak, lean, fried, no added fat",631,29.5,3.5,0,0
"807","Pork, medallion or loin steak, untrimmed, raw",615,22.9,6.1,0,0
"808","Pork, medallion or loin steak, untrimmed, fried, no added fat",891,33.2,8.8,0,0
"809","Pork, mince, untrimmed, raw",724,19.5,10.6,0,0
"810","Pork, mince, as purchased, fried, no added fat",842,25.4,11,0,0
"811","Pork, round mini roast, separable fat, raw",1842,11.3,44.6,0,0
"812","Pork, round mini roast, separable fat, baked, no added fat",1961,16.3,45.5,0,0
"813","Pork, round mini roast, lean, raw",444,23.7,1.1,0,0
"814","Pork, round mini roast, lean, baked, no added fat",682,34.7,2.5,0,0
"815","Pork, round mini roast, untrimmed, raw",472,23.5,2,0,0
"816","Pork, round mini roast, untrimmed, baked, no added fat",699,34.5,3.1,0,0
"817","Pork, round steak, lean, raw",416,22.1,1.1,0,0
"818","Pork, round steak, lean, fried, no added fat",563,29.4,1.7,0,0
"819","Pork, rump steak, lean, raw",508,25.3,2.1,0,0
"820","Pork, rump steak, lean, fried, no added fat",627,28.6,3.8,0,0
"821","Pork, rump steak, untrimmed, raw",568,24.8,4,0,0
"822","Pork, rump steak, untrimmed, fried, no added fat",836,36.5,5.8,0,0
"823","Pork, scotch roast, separable fat, raw",2124,10.7,52.5,0,0
"824","Pork, scotch roast, separable fat, baked, no added fat",2076,12.2,50.5,0,0
"825","Pork, scotch roast, lean, raw",631,20.6,7.6,0,0
"826","Pork, scotch roast, lean, baked, no added fat",964,30.6,12,0,0
"827","Pork, scotch roast, untrimmed, raw",893,18.9,15.5,0,0
"828","Pork, scotch roast, untrimmed, baked, no added fat",1024,29.6,14.1,0,0
"829","Pork, silverside steak, lean, raw",456,22.5,2,0,0
"830","Pork, silverside steak, lean, fried, no added fat",585,27.9,3,0,0
"831","Pork, silverside steak, untrimmed, raw",475,22.4,2.6,0,0
"832","Pork, spare ribs, untrimmed, raw",1198,18.1,24,0,0
"833","Pork, spare ribs, untrimmed, baked, no added fat",1663,27.4,32.4,0,0
"834","Pork, strips, untrimmed, raw",466,22.4,2.3,0,0
"835","Pork, strips, untrimmed, fried, no added fat",623,31.2,2.5,0,0
"836","Pork, topside steak, lean, raw",482,24,2,0,0
"837","Pork, topside steak, lean, fried, no added fat",582,29.2,2.3,0,0
"838","Pork, topside steak, untrimmed, fried, no added fat",583,29.2,2.4,0,0
"839","Chicken, barbecued, with skin",806,27.5,8.9,0,1.1
"840","Chicken, breast, lean flesh, raw",438,22.3,1.6,0,0
"841","Chicken, breast, lean flesh, baked, no added fat",637,29,3.9,0,0
"842","Chicken, breast, lean flesh, grilled, no added fat",598,29.8,2.5,0,0
"843","Chicken, breast, lean flesh, fried, no added fat",681,35,2,0,0
"844","Chicken, breast, lean flesh, casseroled, no added fat",596,27,3.7,0,0
"845","Chicken, breast, lean flesh, skin & fat, raw",688,20.1,9.4,0,0
"846","Chicken, breast, lean flesh, skin & fat, baked, no added fat",785,27.7,8.5,0,0
"847","Chicken, breast, lean flesh, skin & fat, casseroled, no added fat",701,26,7,0,0
"848","Chicken, drumstick, lean flesh, raw",492,18.5,4.8,0,0
"849","Chicken, drumstick, lean flesh, baked, no added fat",830,29.9,8.5,0,0
"850","Chicken, drumstick, lean flesh, casseroled, no added fat",730,28.6,6.6,0,0
"851","Chicken, drumstick, lean flesh, skin & fat, raw",645,17.6,9.3,0,0
"852","Chicken, drumstick, lean flesh, skin & fat, baked, no added fat",979,28.5,13.2,0,0
"853","Chicken, drumstick, lean flesh, skin & fat, casseroled, no added fat",873,26.9,11.2,0,0
"854","Chicken, nugget, purchased frozen, baked, no added fat",1172,12.8,17.6,0,1.1
"855","Chicken, separable fat, composite, raw",2392,5.1,62.3,0,0
"856","Chicken, separable fat, composite, cooked, no added fat",2036,4.3,53,0,0
"857","Chicken, skin, composite, raw",1515,12.7,35.1,0,0
"858","Chicken, skin, composite, baked, no added fat",1818,22.3,38.9,0,0
"859","Chicken, skin, composite, casseroled, no added fat",1742,18,38.8,0,0
"860","Chicken, thigh, lean flesh, raw",496,18.3,5,0,0
"861","Chicken, thigh, lean flesh, baked, no added fat",733,24.2,8.7,0,0
"862","Chicken, thigh, lean flesh, casseroled, no added fat",810,26.3,9.8,0,0
"863","Chicken, thigh, lean flesh, skin & fat, raw",940,15.5,18.3,0,0
"864","Chicken, thigh, lean flesh, skin & fat, baked, no added fat",947,23,15,0,0
"865","Chicken, thigh, lean flesh, skin & fat, casseroled, no added fat",1004,24.1,16.1,0,0
"866","Chicken, wing, lean flesh, raw",470,18.7,4.1,0,0
"867","Chicken, wing, lean flesh, baked, no added fat",810,30.9,7.7,0,0
"868","Chicken, wing, lean flesh, casseroled, no added fat",800,27.9,8.8,0,0
"869","Chicken, wing, lean flesh, skin & fat, raw",917,16.1,17.4,0,0
"870","Chicken, wing, lean flesh, skin & fat, baked, no added fat",1100,28.1,16.8,0,0
"871","Chicken, wing, lean flesh, skin & fat, casseroled, no added fat",1067,24.9,17.4,0,0
"872","Turkey, breast, lean flesh, raw",490,21.6,3.3,0,0
"873","Turkey, breast, lean flesh, baked, no added fat",648,29.4,4,0,0
"874","Turkey, breast, lean flesh, skin & fat, raw",663,20.4,8.5,0,0
"875","Turkey, breast, lean flesh, skin & fat, baked, no added fat",810,27.7,9.2,0,0
"876","Turkey, hindquarter, lean flesh, raw",510,18.4,5.3,0,0
"877","Turkey, hindquarter, lean flesh, baked, no added fat",714,26.8,7,0,0
"878","Turkey, hindquarter, lean flesh, skin & fat, raw",782,18.6,12.6,0,0
"879","Turkey, hindquarter, lean flesh, skin & fat, baked, no added fat",911,25.6,12.9,0,0
"880","Duck, lean flesh, raw",506,17.8,5.5,0,0
"881","Duck, lean flesh, baked, no added fat",765,24.3,9.5,0,0
"882","Duck, skin & fat, raw",2352,9.5,59.2,0,0
"883","Duck, skin & fat, baked, no added fat",2016,13.4,48.3,0,0
"884","Duck, lean flesh, skin & fat, raw",1585,13,36.9,0,0
"885","Duck, lean flesh, skin & fat, baked, no added fat",2114,17.3,49.2,0,0
"886","Quail, lean flesh & skin, raw",722,18.5,11,0,0
"887","Quail, lean flesh & skin, baked, no added fat",826,27.7,9.6,0,0
"888","Buffalo, swamp, cube roll, raw",507,24.4,2.5,0,0
"889","Buffalo, swamp, topside, raw",448,24.6,0.8,0,0
"890","Buffalo, riverine, cube roll, raw",650,23.9,6.6,0,0
"891","Buffalo, riverine, topside, raw",496,24.4,2.2,0,0
"892","Camel, cube roll, raw",630,20.3,7.7,0,0
"893","Camel, rump, raw",475,21.4,3,0,0
"894","Crocodile, tail fillet, raw",442,22.5,1.6,0,0
"895","Crocodile, back leg, raw",455,22,2.2,0,0
"896","Crocodile, cooked, no added fat",748,37.1,3.2,0,0
"897","Emu, fan fillet, raw",486,24.7,1.8,0,0
"898","Emu, steak, raw",504,25.5,1.9,0,0
"899","Emu, fried, no added fat",660,33.5,2.5,0,0
"900","Kangaroo, rump, baked, no added fat",669,33.9,2.5,0,0
"901","Kangaroo, loin fillet, grilled, no added fat",566,30.7,1.2,0,0
"902","Kangaroo, tail, raw",381,20,1.1,0,0
"903","Kangaroo, tail, cooked, no added fat",464,24.4,1.3,0,0
"904","Ostrich, fan fillet, raw",424,23.4,0.7,0,0
"905","Ostrich, moon steak, raw",455,23.7,1.4,0,0
"906","Pigeon (squab), whole, raw",1219,16.2,25.5,0,0
"907","Rabbit, farmed, whole, raw",472,23.2,2.1,0,0
"908","Rabbit, flesh, casseroled, no added fat",712,29.3,5.7,0.2,0
"909","Chicken, liver, raw",466,16.9,4.8,0,0
"910","Chicken, liver, fried, added butter",743,20.2,10.8,0,0
"911","Lamb, liver, grilled, no added fat",822,21.5,11.1,0,0
"912","Bacon, middle rasher, separable lean, fried, no added fat",858,31.2,8.5,0,0
"913","Bacon, middle rasher, untrimmed, raw",1310,15.4,28.2,0.1,0
"914","Bacon, middle rasher, untrimmed, fried, no added fat",1747,20.6,37.6,0.2,0
"915","Bacon, middle rasher, separable fat, fried, no added fat",3204,11.6,81.1,0.2,0
"916","Bacon, shortcut, as purchased without rind, fried, no added fat",1046,30.4,13.9,0.4,0
"917","Beef, corned, canned",957,21.5,15.7,0,0.7
"918","Braised steak & onions, canned",264,7.2,1.6,0.3,0.8
"919","Chicken, processed luncheon meat, low or reduced fat",472,19.4,1.2,0,0.2
"920","Frankfurt, cooked",1051,14.3,19.9,0.1,1.8
"921","Ham, leg, lean",467,17,2.5,0.2,1.8
"922","Pie, steak & kidney, canned",693,10,7.7,0,0.9
"923","Prosciutto",1224,30.8,18.8,0.3,0
"924","Sausage, beef, raw",987,14.5,18.7,0.3,0
"925","Sausage, beef, fried, no added fat",947,16.4,16.2,0.2,0.4
"926","Sausage, beef, grilled, no added fat",911,17.2,14.9,0.3,0.2
"927","Sausage, chicken, plain, fried, no added fat",1660,11.6,37.2,0.3,0.6
"928","Sausage, chicken, flavoured, fried, no added fat",1660,11.6,37.2,0.3,0.6
"929","Sausage, chorizo, uncooked",1183,20.1,22.1,0.8,0.5
"930","Sausage, chorizo, fried, no added fat",1245,21.2,23.3,0.8,0.5
"931","Sausage, lamb, plain, fried, no added fat",946,15.6,16.1,0.6,0.4
"932","Sausage, lamb, flavoured, fried, no added fat",946,15.6,16.1,0.6,0.4
"933","Sausage, pork, fried, no added fat",1083,16.5,19.4,0.4,1.4
"934","Spam, canned",1238,14.2,26.1,0,0
"935","Sausages & vegetables, canned",283,4,2.1,0.5,0.9
"936","Steak & vegetables, canned",258,4.4,1.9,0.3,1.2
"937","Coconut, fresh, mature fruit, flesh",1396,3.8,32.8,0.3,8.1
"938","Coconut, fresh, young or immature, flesh",353,1.6,5.6,1.6,0.5
"939","Coconut, fresh, mature, water or juice",87,0.5,0.1,1.3,0
"940","Coconut, fresh, young or immature, water or juice",109,0.2,0,2.7,0
"941","Coconut, grated & desiccated",2772,6.6,65.4,0.6,15.4
"942","Coconut, cream, regular fat",908,1.6,23.2,0,0
"943","Coconut, milk, canned, regular fat",620,1.4,15.4,0,0
"944","Coconut, milk, canned, reduced fat",288,0.6,7.1,0.1,0
"945","Nut, almond, with skin, raw, unsalted",2385,19.7,50.5,0.3,10.9
"946","Nut, almond, with skin, roasted, unsalted",2461,19.7,52.5,0.3,10.9
"947","Nut, almond meal",2568,20.5,55.8,0,8.9
"948","Nut, brazil, raw or blanched, unsalted",2886,14.4,68.5,0,8.5
"949","Nut, cashew, raw, unsalted",2541,17,49.2,0,5.9
"950","Nut, cashew, roasted, salted",2578,16.8,50.5,0,5.8
"951","Nut, hazelnut, raw, unsalted",2689,14.8,61.4,0,10.4
"952","Nut, macadamia, raw, unsalted",3018,9.2,74,0,6.4
"953","Nut, peanut, with skin, raw, unsalted",2376,24.7,47.1,0,8.2
"954","Nut, peanut, with skin, roasted, with oil, salted",2635,24.4,51.7,0,8.3
"955","Nut, peanut, without skin, roasted, with oil, salted",2667,25.1,52.8,0,6.2
"956","Nut, peanut, without skin, roasted, with oil, unsalted",2667,25.1,52.8,0,6.2
"957","Nut, pecan, raw, unsalted",2973,9.8,71.9,0,8.4
"958","Nut, pine, raw, unsalted",2925,13,70,0,5.1
"959","Nut, pistachio, raw, unsalted",2542,19.7,50.6,0,9
"960","Nut, walnut, raw, unsalted",2904,14.4,69.2,0,6.4
"961","Seed, linseed or flaxseed",2067,15.5,42.2,0.4,27.3
"962","Seed, pumpkin, hulled & dried",2424,30.2,49,0.1,6
"963","Seed, sunflower",2395,22.7,51,0,10.8
"964","Tahini, sesame seed pulp",2664,17.3,60.7,0,13.5
"965","Wattle seed (acacia), ground",1130,17.2,6.1,0,54.2
"966","Barramundi, aquacultured, fillet, raw",523,19.2,5.3,0,0
"967","Barramundi, aquacultured, fillet, grilled, no added fat",717,26.4,7.3,0,0
"968","Barramundi, aquacultured, fillet, steamed with no added fat",623,22.9,6.3,0,0
"969","Bassa, fillet, raw",332,15.7,1.8,0,0
"970","Bassa (basa), fillet, baked, no added fat",455,21.5,2.4,0,0
"971","Bassa (basa), fillet, steamed, no added fat",396,18.7,2.1,0,0
"972","Bream, fillet, raw",521,19.6,5.1,0,0
"973","Bream, fillet, baked, no added fat",714,26.8,7,0,0
"974","Bream, fillet, steamed, no added fat",581,22.4,5.4,0,0
"975","Flathead, flesh, raw",395,21.1,1,0,0
"976","Flathead, flesh, baked, no added fat",541,28.9,1.4,0,0
"977","Flathead, flesh, steamed, no added fat",487,26.1,1.2,0,0
"978","Gemfish, flesh, raw",323,13.2,2.6,0,0
"979","Gemfish, flesh, baked, no added fat",442,18.1,3.6,0.1,0
"980","Gemfish, flesh, steamed, no added fat",517,23.3,3.1,0,0
"981","Kingfish, yellowtail, aquacultured, fillet, with skin, raw",858,22.9,12.7,0,0
"982","Kingfish, yellowtail, aquacultured, fillet, with skin, grilled, no added fat",1175,31.3,17.4,0,0
"983","Kingfish, yellowtail, aquacultured, fillet, with skin, steamed, no added fat",1021,27.2,15.1,0,0
"984","Milkfish, aquacultured, flesh, raw",795,23.4,10.7,0,0
"985","Milkfish, aquacultured, flesh, grilled, no added fat",1089,32.1,14.7,0,0
"986","Milkfish, aquacultured, flesh, steamed, no added fat",946,27.9,12.8,0,0
"987","Morwong, fillet, raw",544,19.4,5.8,0,0
"988","Morwong, fillet, grilled, no added fat",745,26.5,7.9,0,0
"989","Morwong, fillet, steamed, no added fat",528,23,3.7,0,0
"990","Mullet, yelloweye, fillet, raw",549,19.2,6,0,0
"991","Mullet, yelloweye, fillet, baked, no added fat",752,26.4,8.2,0,0
"992","Mullet, yelloweye, fillet, steamed, no added fat",559,22,5,0,0
"993","Mulloway, flesh, raw",435,20.6,2.3,0,0
"994","Mulloway, flesh, baked, no added fat",595,28.2,3.2,0,0
"995","Mulloway, flesh, steamed, no added fat",540,23.2,3.9,0,0
"996","Salmon, Atlantic, fillet, raw",965,20.5,16.7,0,0
"997","Salmon, Atlantic, fillet, grilled, no added fat",1078,22.9,18.6,0,0
"998","Salmon, Atlantic, fillet, steamed, no added fat",1135,24.1,19.6,0,0
"999","Shark, fillet, without skin, raw",435,24.6,0.4,0,0
"1000","Shark, fillet, without skin, baked, no added fat",595,33.8,0.6,0,0
"1001","Shark, fillet, without skin, steamed, no added fat",488,27.7,0.5,0,0
"1002","Shark, battered, deep-fried, takeaway outlet",1090,15.5,14.5,0.3,1.3
"1003","Silver perch, aquacultured, raw",924,19.5,16,0,0
"1004","Silver perch, aquacultured, baked, no added fat",1266,26.7,22,0,0
"1005","Silver perch, aquacultured, steamed, no added fat",1100,23.2,19.1,0,0
"1006","Snapper, fillet, raw",405,20.3,1.6,0,0
"1007","Snapper, fillet, baked, no added fat",554,27.8,2.2,0,0
"1008","Snapper, fillet, steamed, no added fat",554,27.8,2.2,0,0
"1009","Tilapia, fillet, raw",477,18.5,4.4,0,0
"1010","Tilapia, fillet, baked, no added fat",654,25.3,6,0,0
"1011","Tilapia, fillet, steamed, no added fat",568,22,5.2,0,0
"1012","Trout, ocean, aquacultured, fillet, without skin, raw",1205,17.4,24.6,0,0
"1013","Trout, ocean, aquacultured, fillet, without skin, baked, no added fat",1651,23.8,33.7,0,0
"1014","Trout, ocean, aquacultured, fillet, without skin, steamed, no added fat",1435,20.7,29.3,0,0
"1015","Trout, rainbow, aquacultured, raw",645,19.6,8.4,0,0
"1016","Trout, rainbow, aquacultured, baked, no added fat",883,26.8,11.6,0,0
"1017","Trout, rainbow, aquacultured, steamed, no added fat",767,23.3,10,0,0
"1018","Tuna, yellowfin, flesh, raw",435,23.4,1,0,0
"1019","Tuna, yellowfin, flesh, baked, no added fat",596,32.1,1.4,0,0
"1020","Tuna, yellowfin, flesh, steamed, no added fat",518,27.9,1.2,0,0
"1021","Whiting, King George, flesh, raw",362,19.8,0.7,0,0
"1022","Whiting, King George, flesh, baked, no added fat",517,28.2,1,0,0
"1023","Whiting, King George, flesh, steamed, no added fat",437,23.3,1.1,0,0
"1024","Fish, white flesh, battered, packaged frozen, baked, no added fat",820,12.2,7,0,0.5
"1025","Fish, white flesh, crumbed, packaged frozen, baked, no added fat",856,11.8,10,0.1,0.5
"1026","Abalone, black lip, aquacultured, raw",332,16.2,0.8,0.4,0
"1027","Abalone, black lip, wild, raw",380,19.4,0.6,0.4,0
"1028","Abalone, green lip, aquacultured, raw",345,17.1,0.8,0.4,0
"1029","Abalone, green lip, wild, raw",363,18.7,0.5,0.4,0
"1030","Abalone, brown lip, wild, raw",352,17.8,0.6,0.4,0
"1031","Lobster, southern rock, wild, flesh, raw",370,20.2,0.7,0,0
"1032","Lobster, southern rock, wild, flesh, purchased steamed or boiled",411,22.5,0.8,0,0
"1033","Mussel, blue, steamed",438,16,2.3,0,0
"1034","Oyster, native, aquacultured, raw",191,7.3,1.5,0,0
"1035","Oyster, Pacific, aquacultured, raw",279,10.8,2.2,0,0
"1036","Oyster, Sydney rock, aquacultured, raw",298,10.6,2.9,0,0
"1037","Oyster, aquacultured, raw",268,10.1,2.3,0,0
"1038","Prawn, banana, wild, flesh, raw",247,13.2,0.6,0,0
"1039","Prawn, banana, aquacultured, purchased cooked",428,23.2,0.9,0,0
"1040","Prawn, brown tiger, wild, flesh, raw",432,23.4,0.9,0,0
"1041","Prawn, black tiger, aquacultured, purchased cooked",383,20.2,1.1,0,0
"1042","Prawn, endeavour, wild, flesh, raw",408,22.4,0.7,0,0
"1043","Prawn, school, wild, flesh, raw",345,17.8,1.1,0,0
"1044","Prawn, Western king, wild, flesh, raw",437,23.9,0.8,0,0
"1045","Prawn, flesh, raw (green)",381,20.7,0.8,0,0
"1046","Prawn, flesh, cooked from raw, no added fat",507,27.1,1.2,0,0
"1047","Scallop, raw",351,15.6,0.8,0.4,0
"1048","Scallop, fried, no added fat",439,19.5,1,0.4,0
"1049","Squid or calamari, raw",328,16.7,1.2,0,0
"1050","Squid or calamari, fried, no added fat",410,20.9,1.5,0,0
"1051","Anchovy, canned in oil, drained",762,25.4,8.9,0,0
"1052","Cod, smoked, raw",356,18.8,1,0,0
"1053","Cod or hake, smoked, steamed",397,20.1,1.5,0,0
"1054","Fish finger, crumbed, purchased frozen, raw",924,12.1,11.6,0.2,1.1
"1055","Fish finger, crumbed, purchased frozen, grilled, no added fat",1050,13.8,13.2,0.2,1.2
"1056","Salmon, pink, canned in brine, drained",579,20.7,6.2,0,0
"1057","Salmon, flavoured, canned, undrained",538,15.5,5,0.8,0
"1058","Salmon, red, canned in brine, drained",617,24.4,5.5,0,0
"1059","Salmon, smoked, sliced",787,24.3,10.1,0,0
"1060","Tuna, canned in brine, drained",540,26.1,2.6,0,0
"1061","Tuna, flavoured, canned in oil, drained",577,18,5.8,0.4,0.3
"1062","Bar, muesli, plain or with dried fruit",1618,6.8,11.7,4.1,6.2
"1063","Bar, muesli, plain or with dried fruit, chocolate-coated",1653,6.1,11.5,3,6.4
"1064","Bar, muesli, plain or with dried fruit, yoghurt-coated",1675,6.6,14.1,3,6.4
"1065","Bar, snack, fruit filled, baked",1400,3.9,3,10,4.5
"1066","Corn chips, plain, toasted, salted",2002,7.2,25.2,0,5
"1067","Extruded snack, cheese flavoured",2038,8.8,25.8,0,3.2
"1068","Popcorn, commercial, butter flavoured, salted",2053,9.1,26.5,0,8.8
"1069","Potato crisps or chips, plain, salted",2140,6,33.3,0,3.2
"1070","Potato crisps or chips, salt & vinegar flavoured",2097,6.8,32.6,0,3.6
"1071","Potato crisps or chips, flavoured (other than salt & vinegar)",2092,6.8,32.5,0,3.6
"1072","Potato straws, French fries, plain",2165,6.9,31,0,3.2
"1073","Taco shell, from corn flour, plain",1948,6.8,21.8,0,7.3
"1074","Soup, broth style, with meat, instant dry mix",1350,4.8,3.3,1.4,4.3
"1075","Soup, broth style, with meat and noodles, instant dry mix",1530,11.4,6.3,0.7,2.2
"1076","Soup, chicken & noodle, cup of soup, prepared from instant dry mix with water",79,0.7,0.2,0,0.3
"1077","Soup, cream variety, instant dry mix",1628,5.3,13.2,1.7,6.5
"1078","Soup, vegetable, instant dry mix",1201,6.7,2.1,1.1,3.3
"1079","Soup, vegetable & noodle, instant dry mix",1514,8.7,6.3,2.8,3.9
"1080","Bar, cherry & coconut centre, dark chocolate-coated",1785,4.4,22.4,5.9,4.7
"1081","Bar, coconut cream centre, milk chocolate-coated",1778,4.5,22.4,3.4,7.4
"1082","Bar, honeycomb centre, milk chocolate-coated",1772,2.6,16.2,2.2,0.3
"1083","Bar, nougat & caramel centre, milk chocolate-coated",1712,5.2,17.2,7.9,1.6
"1084","Chocolate, compound, cooking",2140,4,30.3,0,4.6
"1085","Chocolate, dark, high cocoa solids",2202,3.9,30.1,0.1,1.2
"1086","Chocolate, milk",2179,7.6,30.5,0,2.3
"1087","Chocolate, milk, fondant or caramel filled",2002,6,24.7,4.1,2
"1088","Chocolate, milk, with dried fruit & nuts",2049,7.8,28,3.9,3
"1089","Chocolate, milk, with nuts",2325,9.9,39.5,0,4.7
"1090","Chocolate, white",2273,7.1,34.5,0,0.2
"1091","Confectionery, almond, chocolate-coated",2210,9.4,33.5,0,3.6
"1092","Confectionery, chocolate centre, sugar-coated",2032,4.8,18.8,0.1,1.8
"1093","Confectionery, dried fruit & nuts, chocolate-coated",2026,9.7,29.5,7,3.8
"1094","Confectionery, peanut, chocolate-coated",2334,13.3,37.7,0,4.3
"1095","Confectionery, sultana, chocolate-coated",1845,6.1,21.5,8.4,2.6
"1096","Chutney or relish, commercial",752,0.5,0.3,18.5,2.2
"1097","Jam, berry",1100,0.3,0,20.5,1.6
"1098","Jam, stone fruit",1050,0.2,0,16.8,0.9
"1099","Jam, plum",1050,0.2,0,16.8,0.9
"1100","Marmalade, orange",1061,0.1,0,15.4,0.8
"1101","Spread, hazelnut & chocolate flavoured",2193,6.8,30.3,0,3.7
"1102","Glucose, liquid or syrup",1268,0,0,19,0
"1103","Honey",1318,0.2,0,33.2,0
"1104","Sugar, brown",1552,0.2,0,1.1,0
"1105","Sugar, raw",1597,0,0,0,0
"1106","Sugar, white, granulated or lump",1600,0,0,0,0
"1107","Sugar, white, icing",1600,0,0,0,0
"1108","Sugar, white, icing mixture",1598,0,0,0,0
"1109","Syrup, golden",1203,0.2,0,25.4,0
"1110","Syrup, maple, pure",1082,0,0.1,1.6,0
"1111","Caramels, soft & hard",1620,2.5,11.4,6.1,1.5
"1112","Jelly crystals, sugar sweetened, all flavours",1582,7.1,0,0.4,0
"1113","Jelly, sugar sweetened, all flavours, prepared",230,1,0,0.1,0
"1114","Liquorice, black",1345,4.9,0.8,7.3,3
"1115","Liquorice, allsorts",1498,1.9,0.3,2.9,1.2
"1116","Liquorice, chocolate-coated",1595,5.7,9.7,5.1,2.8
"1117","Lolly, hard varieties",1566,0,0,0.8,0
"1118","Lolly, jelly varieties",1350,5.3,0,8,0
"1119","Lolly, mint flavoured, sugar sweetened",1588,0.1,2,6.1,0
"1120","Meringue, all flavours, commercial",1538,2.6,1.4,0,0
"1121","Artichoke, globe, raw",145,2.8,0.2,0.4,8.1
"1122","Artichoke, globe, boiled, drained",170,3.3,0.2,0.5,9.5
"1123","Artichoke, jerusalem, peeled, raw",245,2.1,0.1,0.4,3
"1124","Artichoke, jerusalem, peeled, boiled, drained",263,2.3,0.1,0.4,3.2
"1125","Artichoke heart, canned in brine, drained",104,1.9,0.3,0.4,4.7
"1126","Asparagus, green, raw",88,2.5,0.1,0.5,2.2
"1127","Asparagus, green, boiled, drained",104,2.9,0.1,0.6,2.5
"1128","Asparagus, canned in brine, drained",101,1.9,0.1,0.5,3.9
"1129","Avocado, raw",579,1.6,13.2,0,7.5
"1130","Bamboo shoot, canned in water, heated, drained",57,0.8,0,0.4,2.8
"1131","Basil, green, raw",119,2,0.6,0,4.2
"1132","Bean, broad, fresh, raw",235,6.9,0.5,0.2,7.1
"1133","Bean, broad, fresh, boiled, drained",252,7.4,0.5,0.2,7.6
"1134","Bean, butter, fresh, raw",104,2.3,0.2,0.4,2.3
"1135","Bean, butter, fresh, boiled, drained",112,2.5,0.2,0.4,2.5
"1136","Bean, green, fresh, raw",106,1.8,0,1.1,2.8
"1137","Bean, green, fresh, boiled, drained",115,1.9,0,1.2,3
"1138","Bean, green, frozen, boiled, drained",109,1.4,0.2,0.7,3.8
"1139","Beetroot, fresh, purple, peeled, raw",201,1.9,0.1,0,3.5
"1140","Beetroot, fresh, purple, peeled, baked, no added fat",246,2.3,0.1,0,4.3
"1141","Beetroot, fresh, purple, peeled, boiled, drained",217,2,0.1,0,3.8
"1142","Beetroot, canned in brine, drained",199,1.2,0.1,2.2,3.8
"1143","Bok choy, raw",79,2.5,0.2,0.4,2.4
"1144","Bok choy, fried, no added fat",113,3.6,0.3,0.6,3.5
"1145","Bok choy, steamed",82,2.6,0.2,0.4,2.6
"1146","Broccoli, fresh, raw",131,4.7,0.3,0.1,3.7
"1147","Broccoli, fresh, microwaved",113,3.3,0.4,0.7,2.9
"1148","Broccoli, fresh, boiled, drained",100,2.9,0.3,0.6,2.5
"1149","Broccoli, fresh, baked, no added fat",160,5.7,0.4,0.1,4.5
"1150","Broccolini, fresh, raw",122,3.2,0.4,0.7,2.5
"1151","Broccolini, fresh, boiled, drained",127,3.3,0.4,0.7,2.6
"1152","Brussels sprout, fresh, raw",150,3.8,0.3,1,4.5
"1153","Brussels sprout, fresh, boiled, drained",156,4,0.3,1,4.7
"1154","Cabbage, Chinese, raw",44,1.1,0,0.6,1.1
"1155","Cabbage, Chinese, boiled, drained",46,1.1,0,0.6,1.1
"1156","Cabbage, Chinese flowering, raw",71,1.3,0.3,0.5,2.8
"1157","Cabbage, Chinese flowering, boiled, drained",74,1.4,0.3,0.5,2.9
"1158","Cabbage, mustard, raw",77,2.3,0.3,0.4,1.8
"1159","Cabbage, mustard, boiled, drained",80,2.4,0.3,0.4,1.9
"1160","Cabbage, red, raw",122,2.2,0.3,1.2,3.4
"1161","Cabbage, red, boiled, drained",127,2.3,0.3,1.2,3.5
"1162","Cabbage, savoy, raw",90,1.7,0.1,1.3,2.3
"1163","Cabbage, savoy, boiled, drained",93,1.8,0.1,1.4,2.4
"1164","Cabbage, white, raw",91,1.3,0.1,1.6,2.4
"1165","Cabbage, white, boiled, drained",95,1.4,0.1,1.7,2.4
"1166","Capsicum, green, fresh, raw",84,1.5,0.1,1.2,2
"1167","Capsicum, green, fresh, fried, no added fat",93,1.7,0.1,1.3,2.3
"1168","Capsicum, red, fresh, raw",118,1.7,0.2,1.9,1.8
"1169","Capsicum, red, fresh, fried, no added fat",132,1.9,0.2,2.1,2
"1170","Carrot, baby, peeled, fresh, raw",134,0.7,0.1,1.7,3.3
"1171","Carrot, baby, peeled, fresh, boiled, drained",144,0.8,0.1,1.8,3.5
"1172","Carrot, baby, baked, no added fat",146,0.8,0.1,1.8,3.6
"1173","Carrot, mature, peeled, fresh, raw",147,0.6,0,1.1,3.4
"1174","Carrot, mature, peeled, fresh, baked, no added fat",179,0.7,0,1.3,4.1
"1175","Carrot, mature, peeled, fresh, boiled, drained",138,1,0.3,1,3.3
"1176","Cassava, peeled, fresh, raw",587,1.1,0.2,0.2,4.6
"1177","Cassava, peeled, fresh, boiled, drained",632,1.2,0.3,0.2,5
"1178","Cassava, white flesh, peeled, fresh, raw",644,0.6,0.3,0.2,4.6
"1179","Cassava, white flesh, peeled, fresh, boiled, drained",692,0.6,0.3,0.2,4.9
"1180","Cassava, yellow flesh, peeled, fresh, raw",531,1.6,0.2,0.2,4.7
"1181","Cassava, yellow flesh, peeled, fresh, boiled, drained",571,1.7,0.2,0.2,5.1
"1182","Cauliflower, fresh, raw",102,1.9,0.2,1.4,1.2
"1183","Cauliflower, fresh, boiled, drained",107,2,0.2,1.5,1.2
"1184","Celeriac, peeled, raw",159,1.6,0.2,0.4,5.1
"1185","Celeriac, peeled, boiled, drained",171,1.7,0.2,0.4,5.5
"1186","Celery, fresh, raw",62,0.6,0.1,0.7,1.4
"1187","Celery, fresh, fried, no added fat",76,0.7,0.1,0.9,1.8
"1188","Chicory, raw",67,1.8,0.2,0.3,1.8
"1189","Chicory, boiled, drained",79,2.1,0.2,0.4,2.1
"1190","Chilli (chili), green, raw",181,2.8,0.3,0.6,12.9
"1191","Chilli (chili), green, fried, no added fat",201,3.1,0.3,0.7,14.3
"1192","Chilli (chili), red, raw",200,1.4,0.4,1.9,10.6
"1193","Chilli (chili), red, fried, no added fat",222,1.6,0.4,2.1,11.8
"1194","Chives, raw",120,1.5,0.3,0.4,4.7
"1195","Choko, peeled, fresh, raw",87,0.5,0.2,1.4,1.4
"1196","Choko, peeled, fresh, boiled, drained",103,0.6,0.2,1.7,1.7
"1197","Coriander, fresh, leaves & stems",167,3.1,0.7,1.1,3.5
"1198","Corn, fresh on cob, raw",366,3.6,1.8,1,3.8
"1199","Corn, fresh on cob, boiled, drained",381,3.8,1.9,1,4
"1200","Corn, kernels, canned in brine, drained",391,2.9,1,0.2,2.7
"1201","Corn, kernels, purchased frozen, raw",390,3,0.9,0.3,2.5
"1202","Corn, kernels, purchased frozen, boiled, drained",452,3.1,0.9,0.3,3.5
"1203","Cucumber, common, peeled, raw",50,0.4,0.1,1,0.6
"1204","Cucumber, common, unpeeled, raw",50,0.8,0.1,0.6,1.4
"1205","Cucumber, Lebanese, unpeeled, raw",52,0.6,0,1,0.9
"1206","Cucumber, telegraph, unpeeled, raw",56,1.2,0.1,0.6,0.9
"1207","Dill, fresh, raw",170,3.4,1.2,0.8,3.3
"1208","Eggplant, unpeeled, fresh, raw",93,1.1,0.3,1.4,2.4
"1209","Eggplant, unpeeled, fresh, grilled, no added fat",132,1.6,0.4,2,3.5
"1210","Eggplant, unpeeled, fresh, baked, no added fat",109,1.3,0.4,1.6,2.9
"1211","Endive, fresh, raw",58,1.5,0.2,0.1,2.2
"1212","Fennel, fresh, raw",92,1,0.1,1.4,1.8
"1213","Fennel, fresh, boiled, drained",108,1.2,0.1,1.6,2.1
"1214","Garlic, peeled, fresh, raw",522,6.1,2.8,0.4,16.9
"1215","Garlic, peeled, fresh, fried, no added fat",842,9.8,4.5,0.6,27.3
"1216","Gherkin, pickled, drained, commercial",441,0.4,0.3,10.1,0.9
"1217","Ginger, peeled, fresh, raw",132,0.8,0.4,0.8,2.8
"1218","Ginger, peeled, fresh, fried, no added fat",160,1,0.5,1,3.4
"1219","Kohlrabi, peeled, fresh, raw",163,3.7,0.1,1.8,3.3
"1220","Kohlrabi, peeled, fresh, boiled, drained",170,3.9,0.1,1.9,3.4
"1221","Leek, fresh, raw",136,2.1,0.4,1.5,3.1
"1222","Leek, fresh, fried, no added fat",164,2.5,0.5,1.8,3.7
"1223","Leek, fresh, boiled, drained",151,2.3,0.4,1.7,3.4
"1224","Lettuce, cos, raw",80,1.4,0.3,0.8,1.8
"1225","Lettuce, iceberg, raw",38,0.9,0.1,0.2,1.4
"1226","Lettuce, mignonette, raw",64,1.3,0.3,0.5,1.4
"1227","Melon, bitter, fresh, raw",46,0.9,0,0.1,3.3
"1228","Melon, hairy, fresh, raw",61,0.7,0,0.9,2.1
"1229","Mint, fresh, raw",225,3.1,1.1,0.5,7.2
"1230","Mixed vegetables, purchased frozen, carrot, corn & pea/bean, boiled, drained",187,1.8,0.3,0.5,5.9
"1231","Mushroom, common, fresh, raw",86,2.3,0.4,0,1.4
"1232","Mushroom, common, fresh, fried, no added fat",153,4,0.7,0,2.5
"1233","Mushroom, common, vitamin D enhanced, fresh, raw",86,2.3,0.4,0,1.4
"1234","Mushroom, common, vitamin D enhanced, fresh, fried, no added fat",153,4,0.7,0,2.5
"1235","Olive, green or black, drained",856,2,20.5,0,2.3
"1236","Onion, mature, brown skinned, peeled, raw",139,1.3,0,2.2,2.7
"1237","Onion, mature, brown skinned, peeled, fresh, fried, no added fat",224,2.1,0,3.5,4.4
"1238","Onion, mature, white skinned, peeled, fresh, raw",128,1.7,0.1,2.1,2.1
"1239","Onion, mature, white skinned, peeled, fresh, fried, no added fat",203,2.7,0.2,3.3,3.3
"1240","Onion, spring, fresh, raw",127,1.7,0.2,1.9,1.9
"1241","Onion, spring, fresh, fried, no added fat",204,2.7,0.3,3.1,3.1
"1242","Parsley, continental, fresh, raw",100,2.4,0.2,0.3,4.7
"1243","Parsley, curly, fresh, raw",96,1.9,0.2,0.2,5.8
"1244","Parsnip, peeled, fresh, raw",237,1.8,0.2,0.8,3.6
"1245","Parsnip, peeled, fresh, baked, no added fat",289,2.2,0.2,1,4.5
"1246","Parsnip, peeled, fresh, boiled, drained",255,1.9,0.2,0.9,3.9
"1247","Pea, green, fresh, raw",294,5.8,0.4,0.2,5.6
"1248","Pea, green, fresh, boiled, drained",251,4.8,0.4,0,5.2
"1249","Pea, green, frozen, boiled, drained",261,5.2,0.3,0.6,6.1
"1250","Potato, chips, regular, fast food outlet, deep fried, blended oil, salted",944,3.8,10.1,0,3
"1251","Potato, chips, regular, fast food outlet, deep fried, monounsaturated oil, salted",1021,3.8,12.2,0,3
"1252","Potato, chips, regular, independent takeaway outlet, deep fried, blended oil, salted",997,3.8,11.6,0,3
"1253","Potato, chips, regular, purchased frozen, baked, no added fat",1087,4.8,5.4,0,4.6
"1254","Potato, coliban, peeled, raw",243,2,0,0.5,1.1
"1255","Potato, coliban, peeled, baked, no added fat",368,3,0,0.8,1.7
"1256","Potato, coliban, peeled, boiled, drained",234,1,0,0,2
"1257","Potato, desiree, peeled, raw",240,2.3,0,0.9,1.7
"1258","Potato, desiree, peeled, baked, no added fat",364,3.5,0,1.4,2.6
"1259","Potato, desiree, peeled, boiled, drained",245,2.3,0,0.9,1.7
"1260","Potato, new, peeled, raw",272,2.3,0.1,0.3,1.1
"1261","Potato, new, peeled, baked, no added fat",413,3.5,0.2,0.5,1.7
"1262","Potato, new, peeled, boiled, drained",282,2.5,0.1,0.3,2.3
"1263","Potato, pale skin, peeled, raw",243,2,0,0.5,1.1
"1264","Potato, pale skin, peeled, baked, no added fat",368,3,0,0.8,1.7
"1265","Potato, pale skin, peeled, boiled, drained",267,1.5,0.1,0,2.1
"1266","Potato, pontiac, peeled, raw",278,2.4,0.1,0.3,2.1
"1267","Potato, pontiac, peeled, baked, no added fat",421,3.6,0.2,0.5,3.2
"1268","Potato, pontiac, peeled, boiled, drained",283,2.4,0.1,0.3,2.1
"1269","Potato, red skin, peeled, raw",240,2.3,0,0.9,1.7
"1270","Potato, red skin, peeled, baked, no added fat",364,3.5,0,1.4,2.6
"1271","Potato, red skin, peeled, boiled, drained",298,2,0,0,2.4
"1272","Potato, sebago, peeled, raw",303,2.5,0.2,0.2,2.2
"1273","Potato, sebago, peeled, baked, no added fat",460,3.8,0.2,0.4,3.3
"1274","Potato, sebago, peeled, boiled, drained",304,2.5,0.4,0.3,2.5
"1275","Potato, fries, fast food outlet, deep fried, monounsaturated oil, salted",1323,4.8,16.4,0,3.1
"1276","Potato, fries, independent takeaway outlet, deep fried, blended oil, salted",1361,4.8,17.4,0,3.1
"1277","Pumpkin, butternut, peeled, fresh, raw",189,2.1,0.6,0.2,1.8
"1278","Pumpkin, butternut, peeled, fresh, baked, no added fat",222,2.5,0.7,0.2,2.1
"1279","Pumpkin, butternut, peeled, fresh, boiled, drained",197,2.2,0.6,0.2,1.9
"1280","Pumpkin, golden nugget, peeled, fresh, raw",124,2.2,0.3,1.2,1.1
"1281","Pumpkin, golden nugget, peeled, fresh, baked, no added fat",146,2.6,0.4,1.4,1.3
"1282","Pumpkin, golden nugget, peeled, fresh, boiled, drained",129,2.3,0.3,1.2,1.1
"1283","Pumpkin, jarrahdale, peeled, fresh, raw",111,0.7,0.1,3.3,1.6
"1284","Pumpkin, jarrahdale, peeled, fresh, baked, no added fat",131,0.8,0.1,3.9,1.9
"1285","Pumpkin, jarrahdale, peeled, fresh, boiled, drained",116,0.7,0.1,3.4,1.7
"1286","Pumpkin, peeled, fresh, raw",158,1.7,0.3,1.6,1.8
"1287","Pumpkin, peeled, fresh, baked, no added fat",186,2,0.4,1.9,2.1
"1288","Pumpkin, peeled, fresh, boiled, drained",164,1.8,0.3,1.6,1.9
"1289","Pumpkin, Queensland blue, peeled, fresh, raw",208,2,0.3,1.6,2.7
"1290","Pumpkin, Queensland blue, peeled, fresh, baked, no added fat",244,2.4,0.4,1.9,3.2
"1291","Pumpkin, Queensland blue, peeled, fresh, boiled, drained",216,2.1,0.3,1.7,2.8
"1292","Radish, red skinned, unpeeled, raw",62,0.8,0.2,1.1,1.1
"1293","Radish, white skinned, peeled, raw",86,0.7,0.3,1.4,1.8
"1294","Rocket, fresh, raw",91,3.3,0.3,0.3,2.4
"1295","Seaweed, nori, dried",1266,46.7,4.3,0,34.3
"1296","Seaweed, boiled, drained",228,8.4,0.8,0,6.2
"1297","Shallot, peeled, fresh, raw",107,1.5,0.1,1.5,2.9
"1298","Shallot, peeled, fresh, fried, no added fat",172,2.4,0.2,2.4,4.7
"1299","Silverbeet, fresh, raw",66,1.5,0.2,0.5,2
"1300","Silverbeet, fresh, boiled, drained",77,1.8,0.2,0.6,2.3
"1301","Snow pea, fresh, raw",157,3,0.2,2.4,2.6
"1302","Snow pea, fresh, fried, no added fat",196,3.8,0.2,3,3.2
"1303","Snow pea, fresh, boiled, drained",169,3.2,0.2,2.6,2.8
"1304","Spinach, baby, fresh, raw",68,2.8,0,0,2.5
"1305","Spinach, Mature English, fresh, raw",82,2.4,0.3,0.4,2.5
"1306","Spinach, Mature English, fresh, boiled, drained",97,2.8,0.4,0.5,2.9
"1307","Spinach, water, fresh, raw",110,2.9,0.5,0.2,2.8
"1308","Sprout, alfalfa, fresh, raw",91,3.2,0.3,0.2,2.2
"1309","Sprout, bean, fresh, raw",94,3.1,0.1,0.5,1.3
"1310","Squash, button, fresh, raw",110,2.7,0.2,1.5,0.5
"1311","Squash, button, fresh, boiled, drained",131,3.2,0.2,1.8,0.6
"1312","Squash, scallopini, fresh, raw",84,2.2,0.2,0.9,0.5
"1313","Squash, scallopini, fresh, boiled, drained",100,2.6,0.2,1.1,0.6
"1314","Swede, peeled, fresh, raw",93,0.9,0,1.9,2.2
"1315","Swede, peeled, fresh, boiled, drained",100,1,0,2,2.4
"1316","Sweet potato, orange flesh, peeled, fresh, raw",293,1.9,0.1,1.7,2.6
"1317","Sweet potato, orange flesh, peeled, fresh, baked, no added fat",357,2.3,0.1,2.1,3.1
"1318","Sweet potato, orange flesh, peeled, fresh, boiled, drained",315,2,0.1,1.8,2.7
"1319","Taro, peeled, fresh, raw",469,1.9,0.2,0.2,3.5
"1320","Taro, peeled, fresh, boiled, drained",504,2,0.2,0.2,3.8
"1321","Tomato, cherry, raw",65,0.5,0.1,1,1.7
"1322","Tomato, common, raw",73,0.6,0,1.1,1.1
"1323","Tomato, roma, raw",74,1,0.1,1.1,1.2
"1324","Tomato, paste, with added salt",277,3.1,0.3,4.4,3.5
"1325","Tomato, paste, no added salt",266,3.4,0.5,4.3,3.6
"1326","Tomato, sundried",1101,11.2,4.6,13,14.7
"1327","Tomato, whole, canned in tomato juice, undrained",80,0.9,0,1.4,1
"1328","Tomato, whole, canned in tomato juice, drained",88,0.8,0.3,1.3,1.3
"1329","Turnip, white, peeled, fresh, raw",94,1.3,0,1.7,1.7
"1330","Turnip, white, peeled, fresh, boiled, no added fat",101,1.4,0,1.8,1.8
"1331","Water chestnut, peeled, canned, drained",219,0.6,0.9,0.7,2.7
"1332","Watercress, raw",110,2.9,0.4,0.4,3.8
"1333","Zucchini, green skin, fresh, unpeeled, raw",65,0.9,0.3,0.8,1.1
"1334","Zucchini, green skin, fresh, unpeeled, fried, no added fat",92,1.3,0.4,1.1,1.6
"1335","Zucchini, green skin, fresh, unpeeled, boiled, drained",77,1.1,0.4,1,1.3
"1336","Zucchini, golden, fresh, unpeeled, raw",78,2.2,0.3,0.5,1
"1337","Zucchini, golden, fresh, unpeeled, fried, no added fat",111,3.1,0.4,0.7,1.4
"1338","Zucchini, golden, fresh, unpeeled, boiled, drained",93,2.6,0.4,0.6,1.2
